"ZooMS analysis output (~: isoBLAST match, *: Unique PSM)"
Isoblast analysis revealed 152 unique peptide matches with the database
 
Taxonomic match: Rangifer tarandus platyrhynchus Average Score= [0.99045462]
Containing these species:Rangifer tarandus platyrhynchus
CAI9175109.1 unnamed protein product (Collagen alpha-1(V)) [Rangifer tarandus platyrhynchus]
GPAGPMGLTGR,6|Oxidation,"240405_tarandus_1_1_p.1918.1918. File:""240405_tarandus_1_1_p.wiff"", NativeID:""sample=1 period=1 cycle=1958 experiment=4"""
LGVPGLPGYPGR,4|Oxidation|7|Oxidation|10|Oxidation,"240405_tarandus_1_1_p.3909.3909. File:""240405_tarandus_1_1_p.wiff"", NativeID:""sample=1 period=1 cycle=2267 experiment=3"""
CAI9160113.1 unnamed protein product (manual:Collagen alpha 2(I)) [Rangifer tarandus platyrhynchus]
PGATGFPGAAGR,1|Oxidation|7|Oxidation,"240405_tarandus_1_1_p.1833.1833. File:""240405_tarandus_1_1_p.wiff"", NativeID:""sample=1 period=1 cycle=1948 experiment=3"""
GPPGATGFPGAAGR,3|Oxidation|9|Oxidation,"240405_tarandus_1_1_p.1978.1978. File:""240405_tarandus_1_1_p.wiff"", NativeID:""sample=1 period=1 cycle=1967 experiment=4"""
GAMGPAGVR,3|Oxidation,"240405_tarandus_1_1_p.1127.1127. File:""240405_tarandus_1_1_p.wiff"", NativeID:""sample=1 period=1 cycle=1873 experiment=2"""
GVVGPQGAR,,"240405_tarandus_1_1_p.1399.1399. File:""240405_tarandus_1_1_p.wiff"", NativeID:""sample=1 period=1 cycle=1901 experiment=3"""
GPSGPQGIR,,"240405_tarandus_1_1_p.1410.1410. File:""240405_tarandus_1_1_p.wiff"", NativeID:""sample=1 period=1 cycle=1902 experiment=4"""
VGPAGAVGPR,,"240405_tarandus_1_1_p.1816.1816. File:""240405_tarandus_1_1_p.wiff"", NativeID:""sample=1 period=1 cycle=1946 experiment=4"""
AGVMGPAGSR,,"240405_tarandus_1_1_p.1668.1668. File:""240405_tarandus_1_1_p.wiff"", NativeID:""sample=1 period=1 cycle=1929 experiment=3"""
PGPIGPAGAR,1|Oxidation,"240405_tarandus_1_1_p.1798.1798. File:""240405_tarandus_1_1_p.wiff"", NativeID:""sample=1 period=1 cycle=1944 experiment=4"""
AVGPAGAVGPR,,"240405_tarandus_1_1_p.1970.1970. File:""240405_tarandus_1_1_p.wiff"", NativeID:""sample=1 period=1 cycle=1966 experiment=3"""
AAGPTGPIGSR,,"240405_tarandus_1_1_p.1768.1768. File:""240405_tarandus_1_1_p.wiff"", NativeID:""sample=1 period=1 cycle=1940 experiment=5"""
PLGIAGPPGAR,8|Oxidation,"240405_tarandus_1_1_p.3063.3063. File:""240405_tarandus_1_1_p.wiff"", NativeID:""sample=1 period=1 cycle=2110 experiment=3"""
PGPVGAAGATGAR,1|Oxidation,"240405_tarandus_1_1_p.2488.2488. File:""240405_tarandus_1_1_p.wiff"", NativeID:""sample=1 period=1 cycle=2024 experiment=3"""
*AGQPGAVGPAGIR,,"240405_tarandus_1_1_p.2479.2479. File:""240405_tarandus_1_1_p.wiff"", NativeID:""sample=1 period=1 cycle=2023 experiment=3"""
EGPVGLPGIDGR,7|Oxidation,"240405_tarandus_1_1_p.3799.3799. File:""240405_tarandus_1_1_p.wiff"", NativeID:""sample=1 period=1 cycle=2239 experiment=2"""
GEPGNIGFPGPK,3|Oxidation|9|Oxidation,"240405_tarandus_1_1_p.2828.2828. File:""240405_tarandus_1_1_p.wiff"", NativeID:""sample=1 period=1 cycle=2069 experiment=2"""
GFPGTPGLPGFK,3|Oxidation|6|Oxidation|9|Oxidation,"240405_tarandus_1_1_p.4157.4157. File:""240405_tarandus_1_1_p.wiff"", NativeID:""sample=1 period=1 cycle=2359 experiment=2"""
GPPGASGAPGPQGF,3|Oxidation|9|Oxidation,"240405_tarandus_1_1_p.3044.3044. File:""240405_tarandus_1_1_p.wiff"", NativeID:""sample=1 period=1 cycle=2107 experiment=3"""
ESGAAGPTGPIGSR,,"240405_tarandus_1_1_p.1878.1878. File:""240405_tarandus_1_1_p.wiff"", NativeID:""sample=1 period=1 cycle=1953 experiment=6"""
PGEFGLPGPAGAR,1|Oxidation|9|Oxidation,"240405_tarandus_1_1_p.4096.4096. File:""240405_tarandus_1_1_p.wiff"", NativeID:""sample=1 period=1 cycle=2341 experiment=6"""
GEAGPAGPAGPAGPR,,"240405_tarandus_1_1_p.1616.1616. File:""240405_tarandus_1_1_p.wiff"", NativeID:""sample=1 period=1 cycle=1924 experiment=10"""
GIPGPVGAAGATGAR,3|Oxidation,"240405_tarandus_1_1_p.2566.2566. File:""240405_tarandus_1_1_p.wiff"", NativeID:""sample=1 period=1 cycle=2033 experiment=4"""
GFPGSPGNIGPAGK,3|Oxidation|6|Oxidation,"240405_tarandus_1_1_p.2268.2268. File:""240405_tarandus_1_1_p.wiff"", NativeID:""sample=1 period=1 cycle=2002 experiment=8"""
TAGPSGPSGLPGER,11|Oxidation,"240405_tarandus_1_1_p.1861.1861. File:""240405_tarandus_1_1_p.wiff"", NativeID:""sample=1 period=1 cycle=1951 experiment=6"""
LGPPGFLGLPGSR,4|Oxidation|10|Oxidation,"240405_tarandus_1_1_p.5125.5125. File:""240405_tarandus_1_1_p.wiff"", NativeID:""sample=1 period=1 cycle=3124 experiment=2"""
GSDGSVGPVGPAGPIG,,"240405_tarandus_1_1_p.4103.4103. File:""240405_tarandus_1_1_p.wiff"", NativeID:""sample=1 period=1 cycle=2342 experiment=7"""
GPPGESGAAGPTGPIG,3|Oxidation,"240405_tarandus_1_1_p.2892.2892. File:""240405_tarandus_1_1_p.wiff"", NativeID:""sample=1 period=1 cycle=2081 experiment=4"""
GIPGEFGLPGPAGAR,3|Oxidation|9|Oxidation,"240405_tarandus_1_1_p.4237.4237. File:""240405_tarandus_1_1_p.wiff"", NativeID:""sample=1 period=1 cycle=2411 experiment=4"""
GDGGPPGATGFPGAAGR,12|Oxidation,"240405_tarandus_1_1_p.2461.2461. File:""240405_tarandus_1_1_p.wiff"", NativeID:""sample=1 period=1 cycle=2021 experiment=10"""
TGETGASGPPGFAGEK,10|Oxidation,"240405_tarandus_1_1_p.2006.2006. File:""240405_tarandus_1_1_p.wiff"", NativeID:""sample=1 period=1 cycle=1969 experiment=13"""
GAPGAVGAPGPAGANGDR,3|Oxidation|9|Oxidation,"240405_tarandus_1_1_p.1254.1254. File:""240405_tarandus_1_1_p.wiff"", NativeID:""sample=1 period=1 cycle=1887 experiment=7"""
GEPGPAGAVGPAGAVGPR,3|Oxidation,"240405_tarandus_1_1_p.2722.2722. File:""240405_tarandus_1_1_p.wiff"", NativeID:""sample=1 period=1 cycle=2054 experiment=11"""
GEVGLPGLSGPVGPPGN,6|Oxidation|15|Oxidation,"240405_tarandus_1_1_p.4857.4857. File:""240405_tarandus_1_1_p.wiff"", NativeID:""sample=1 period=1 cycle=2911 experiment=2"""
GAAGLPGVAGAPGLPGPR,6|Oxidation|12|Oxidation|15|Oxidation,"240405_tarandus_1_1_p.3729.3729. File:""240405_tarandus_1_1_p.wiff"", NativeID:""sample=1 period=1 cycle=2212 experiment=3"""
SVGEPGPLGIAGPPGAR,5|Oxidation|14|Oxidation,"240405_tarandus_1_1_p.3795.3795. File:""240405_tarandus_1_1_p.wiff"", NativeID:""sample=1 period=1 cycle=2237 experiment=2"""
GPPGESGAAGPTGPIGSR,3|Oxidation,"240405_tarandus_1_1_p.2098.2098. File:""240405_tarandus_1_1_p.wiff"", NativeID:""sample=1 period=1 cycle=1981 experiment=6"""
GELGPVGNPGPAGPAGPR,11|Oxidation,"240405_tarandus_1_1_p.2928.2928. File:""240405_tarandus_1_1_p.wiff"", NativeID:""sample=1 period=1 cycle=2087 experiment=6"""
GSTGEIGPAGPPGPPGLR,14|Oxidation|15|Oxidation,"240405_tarandus_1_1_p.3101.3101. File:""240405_tarandus_1_1_p.wiff"", NativeID:""sample=1 period=1 cycle=2113 experiment=12"""
GEPGAPGENGTPGQTGAR,3|Oxidation|6|Oxidation|9|Deamidated|12|Oxidation,"240405_tarandus_1_1_p.1023.1023. File:""240405_tarandus_1_1_p.wiff"", NativeID:""sample=1 period=1 cycle=1830 experiment=3"""
GPNGDSGRPGEPGLMGPR,3|Deamidated|9|Oxidation|17|Oxidation,"240405_tarandus_1_1_p.1887.1887. File:""240405_tarandus_1_1_p.wiff"", NativeID:""sample=1 period=1 cycle=1954 experiment=7"""
RGSTGEIGPAGPPGPPGLR,13|Oxidation|16|Oxidation,"240405_tarandus_1_1_p.2544.2544. File:""240405_tarandus_1_1_p.wiff"", NativeID:""sample=1 period=1 cycle=2030 experiment=9"""
GPPGNVGNPGVNGAPGEAGR,3|Oxidation|9|Oxidation|15|Oxidation,"240405_tarandus_1_1_p.1262.1262. File:""240405_tarandus_1_1_p.wiff"", NativeID:""sample=1 period=1 cycle=1888 experiment=7"""
TGPPGPSGISGPPGPPGPAGK,4|Oxidation|13|Oxidation|16|Oxidation,"240405_tarandus_1_1_p.2257.2257. File:""240405_tarandus_1_1_p.wiff"", NativeID:""sample=1 period=1 cycle=2001 experiment=3"""
GEVGPAGPNGFAGPAGAAGQPGAK,9|Deamidated|21|Oxidation,"240405_tarandus_1_1_p.3190.3190. File:""240405_tarandus_1_1_p.wiff"", NativeID:""sample=1 period=1 cycle=2121 experiment=4"""
GLPGVAGSVGEPGPLGIAGPPGAR,3|Oxidation|12|Oxidation|21|Oxidation,"240405_tarandus_1_1_p.4796.4796. File:""240405_tarandus_1_1_p.wiff"", NativeID:""sample=1 period=1 cycle=2874 experiment=2"""
GEPGVVGAPGTAGPSGPSGLPGER,3|Oxidation|9|Oxidation|21|Oxidation,"240405_tarandus_1_1_p.2815.2815. File:""240405_tarandus_1_1_p.wiff"", NativeID:""sample=1 period=1 cycle=2066 experiment=8"""
*GAPGPDGNNGAQGPPGLQGVQGGK,3|Oxidation|9|Deamidated|15|Oxidation,"240405_tarandus_1_1_p.2315.2315. File:""240405_tarandus_1_1_p.wiff"", NativeID:""sample=1 period=1 cycle=2007 experiment=5"""
GSQGSQGPAGPPGPPGPPGPPGPSGGG,6|Deamidated|12|Oxidation|15|Oxidation|18|Oxidation|21|Oxidation,"240405_tarandus_1_1_p.1894.1894. File:""240405_tarandus_1_1_p.wiff"", NativeID:""sample=1 period=1 cycle=1955 experiment=4"""
GYPGNAGPVGTAGAPGPQGPVGPTGK,3|Oxidation|5|Deamidated|15|Oxidation|18|Deamidated,"240405_tarandus_1_1_p.2926.2926. File:""240405_tarandus_1_1_p.wiff"", NativeID:""sample=1 period=1 cycle=2087 experiment=4"""
GESGNKGEPGAVGQPGPPGPSGEEGK,9|Oxidation|15|Oxidation|18|Oxidation,"240405_tarandus_1_1_p.1088.1088. File:""240405_tarandus_1_1_p.wiff"", NativeID:""sample=1 period=1 cycle=1865 experiment=4"""
*GENGPVGPTGPVGAAGPSGPNGPSGPAGSR,,"240405_tarandus_1_1_p.2948.2948. File:""240405_tarandus_1_1_p.wiff"", NativeID:""sample=1 period=1 cycle=2091 experiment=7"""
GSDGSVGPVGPAGPIGSAGPPGFPGAPGPK,21|Oxidation|29|Oxidation,"240405_tarandus_1_1_p.4640.4640. File:""240405_tarandus_1_1_p.wiff"", NativeID:""sample=1 period=1 cycle=2748 experiment=2"""
GAPGAVGAPGPAGANGDRGEAGPAGPAGPAGPR,3|Oxidation|9|Oxidation,"240405_tarandus_1_1_p.1914.1914. File:""240405_tarandus_1_1_p.wiff"", NativeID:""sample=1 period=1 cycle=1957 experiment=10"""
GEQGPAGPPGFQGLPGPAGTAGEAGKPGER,9|Oxidation|15|Oxidation|27|Oxidation,"240405_tarandus_1_1_p.3310.3310. File:""240405_tarandus_1_1_p.wiff"", NativeID:""sample=1 period=1 cycle=2139 experiment=6"""
*GPKGENGPVGPTGPVGAAGPSGPNGPSGPAGSR,2|Oxidation|6|Deamidated,"240405_tarandus_1_1_p.2568.2568. File:""240405_tarandus_1_1_p.wiff"", NativeID:""sample=1 period=1 cycle=2033 experiment=6"""
GPPGASGAPGPQGFQGPPGEPGEPGQTGPAGAR,2|Oxidation|9|Oxidation|18|Oxidation|21|Oxidation|24|Oxidation,"240405_tarandus_1_1_p.2386.2386. File:""240405_tarandus_1_1_p.wiff"", NativeID:""sample=1 period=1 cycle=2014 experiment=7"""
*GPSGEPGTAGPPGTPGPQGFLGPPGFLGLPGSR,6|Oxidation|12|Oxidation|15|Oxidation|24|Oxidation|30|Oxidation,"240405_tarandus_1_1_p.6117.6117. File:""240405_tarandus_1_1_p.wiff"", NativeID:""sample=1 period=1 cycle=4049 experiment=2"""
GPSGPPGPDGNKGEPGVVGAPGTAGPSGPSGLPGER,6|Oxidation|15|Oxidation|21|Oxidation|33|Oxidation,"240405_tarandus_1_1_p.2515.2515. File:""240405_tarandus_1_1_p.wiff"", NativeID:""sample=1 period=1 cycle=2027 experiment=8"""
*TGETGASGPPGFAGEKGPSGEPGTAGPPGTPGPQGFLGPPGFLGLPGSR,10|Oxidation|18|Oxidation|22|Oxidation|28|Oxidation|31|Oxidation|40|Oxidation|46|Oxidation,"240405_tarandus_1_1_p.5807.5807. File:""240405_tarandus_1_1_p.wiff"", NativeID:""sample=1 period=1 cycle=3764 experiment=2"""
CAI9167845.1 unnamed protein product [Rangifer tarandus platyrhynchus]
GLTGPIGPPGPA,9|Oxidation,"240405_tarandus_1_1_p.4093.4093. File:""240405_tarandus_1_1_p.wiff"", NativeID:""sample=1 period=1 cycle=2341 experiment=3"""
PGATGFPGAAGR,1|Oxidation|7|Oxidation,"240405_tarandus_1_1_p.1833.1833. File:""240405_tarandus_1_1_p.wiff"", NativeID:""sample=1 period=1 cycle=1948 experiment=3"""
GLTGPIGPPGPAG,9|Oxidation,"240405_tarandus_1_1_p.3989.3989. File:""240405_tarandus_1_1_p.wiff"", NativeID:""sample=1 period=1 cycle=2299 experiment=2"""
GLTGPIGPPGPAGA,9|Oxidation,"240405_tarandus_1_1_p.4126.4126. File:""240405_tarandus_1_1_p.wiff"", NativeID:""sample=1 period=1 cycle=2347 experiment=2"""
GPPGATGFPGAAGR,3|Oxidation|9|Oxidation,"240405_tarandus_1_1_p.1978.1978. File:""240405_tarandus_1_1_p.wiff"", NativeID:""sample=1 period=1 cycle=1967 experiment=4"""
GFPGLPGPSGEPGK,6|Oxidation,"240405_tarandus_1_1_p.3906.3906. File:""240405_tarandus_1_1_p.wiff"", NativeID:""sample=1 period=1 cycle=2266 experiment=4"""
AQGPPGATGFPGAAGR,4|Oxidation|5|Oxidation|11|Oxidation,"240405_tarandus_1_1_p.2077.2077. File:""240405_tarandus_1_1_p.wiff"", NativeID:""sample=1 period=1 cycle=1978 experiment=6"""
GLTGPIGPPGPAGANGEK,9|Oxidation|15|Deamidated,"240405_tarandus_1_1_p.3100.3100. File:""240405_tarandus_1_1_p.wiff"", NativeID:""sample=1 period=1 cycle=2113 experiment=11"""
CAI9163211.1 unnamed protein product (Collagen alpha-1(I)) [Rangifer tarandus platyrhynchus]
GAAGLPGPK,6|Oxidation,"240405_tarandus_1_1_p.1503.1503. File:""240405_tarandus_1_1_p.wiff"", NativeID:""sample=1 period=1 cycle=1912 experiment=3"""
GPAGPQGPR,,"240405_tarandus_1_1_p.1057.1057. File:""240405_tarandus_1_1_p.wiff"", NativeID:""sample=1 period=1 cycle=1852 experiment=2"""
GFSGLDGAK,,"240405_tarandus_1_1_p.2724.2724. File:""240405_tarandus_1_1_p.wiff"", NativeID:""sample=1 period=1 cycle=2055 experiment=2"""
GSEGPQGVR,,"240405_tarandus_1_1_p.1067.1067. File:""240405_tarandus_1_1_p.wiff"", NativeID:""sample=1 period=1 cycle=1855 experiment=2"""
PAGPIGPVGAR,,"240405_tarandus_1_1_p.2668.2668. File:""240405_tarandus_1_1_p.wiff"", NativeID:""sample=1 period=1 cycle=2046 experiment=2"""
GEPGPPGPAGF,3|Oxidation|6|Oxidation,"240405_tarandus_1_1_p.3660.3660. File:""240405_tarandus_1_1_p.wiff"", NativeID:""sample=1 period=1 cycle=2194 experiment=2"""
AGPPGPPGPAGK,4|Oxidation|7|Oxidation,"240405_tarandus_1_1_p.1102.1102. File:""240405_tarandus_1_1_p.wiff"", NativeID:""sample=1 period=1 cycle=1868 experiment=3"""
PGPPGAVGPAGK,1|Oxidation|4|Oxidation,"240405_tarandus_1_1_p.1746.1746. File:""240405_tarandus_1_1_p.wiff"", NativeID:""sample=1 period=1 cycle=1937 experiment=7"""
GPAGPIGPVGAR,,"240405_tarandus_1_1_p.2796.2796. File:""240405_tarandus_1_1_p.wiff"", NativeID:""sample=1 period=1 cycle=2064 experiment=3"""
GLTGPIGPPGPA,9|Oxidation,"240405_tarandus_1_1_p.4093.4093. File:""240405_tarandus_1_1_p.wiff"", NativeID:""sample=1 period=1 cycle=2341 experiment=3"""
GEPGPPGPAGFA,3|Oxidation|6|Oxidation,"240405_tarandus_1_1_p.3614.3614. File:""240405_tarandus_1_1_p.wiff"", NativeID:""sample=1 period=1 cycle=2182 experiment=2"""
GFPGADGVAGPK,3|Oxidation,"240405_tarandus_1_1_p.2373.2373. File:""240405_tarandus_1_1_p.wiff"", NativeID:""sample=1 period=1 cycle=2013 experiment=8"""
PGATGFPGAAGR,1|Oxidation|7|Oxidation,"240405_tarandus_1_1_p.1833.1833. File:""240405_tarandus_1_1_p.wiff"", NativeID:""sample=1 period=1 cycle=1948 experiment=3"""
GVQGPPGPAGPR,6|Oxidation,"240405_tarandus_1_1_p.1449.1449. File:""240405_tarandus_1_1_p.wiff"", NativeID:""sample=1 period=1 cycle=1906 experiment=6"""
GLTGPIGPPGPAG,9|Oxidation,"240405_tarandus_1_1_p.3989.3989. File:""240405_tarandus_1_1_p.wiff"", NativeID:""sample=1 period=1 cycle=2299 experiment=2"""
AGPAGPIGPVGAR,,"240405_tarandus_1_1_p.2934.2934. File:""240405_tarandus_1_1_p.wiff"", NativeID:""sample=1 period=1 cycle=2089 experiment=2"""
TGPPGPAGQDGR,4|Oxidation,"240405_tarandus_1_1_p.1050.1050. File:""240405_tarandus_1_1_p.wiff"", NativeID:""sample=1 period=1 cycle=1850 experiment=3"""
TGPSGPAGPTGAR,,"240405_tarandus_1_1_p.1232.1232. File:""240405_tarandus_1_1_p.wiff"", NativeID:""sample=1 period=1 cycle=1885 experiment=4"""
GQAGVMGFPGPK,11|Oxidation,"240405_tarandus_1_1_p.3618.3618. File:""240405_tarandus_1_1_p.wiff"", NativeID:""sample=1 period=1 cycle=2183 experiment=3"""
GVPGPPGAVGPAGK,3|Oxidation,"240405_tarandus_1_1_p.2074.2074. File:""240405_tarandus_1_1_p.wiff"", NativeID:""sample=1 period=1 cycle=1978 experiment=3"""
GLTGPIGPPGPAGA,9|Oxidation,"240405_tarandus_1_1_p.4126.4126. File:""240405_tarandus_1_1_p.wiff"", NativeID:""sample=1 period=1 cycle=2347 experiment=2"""
SGPQGPSGPPGPK,4|Deamidated|10|Oxidation,"240405_tarandus_1_1_p.1215.1215. File:""240405_tarandus_1_1_p.wiff"", NativeID:""sample=1 period=1 cycle=1883 experiment=5"""
GFSGLQGPPGPPG,9|Oxidation|12|Oxidation,"240405_tarandus_1_1_p.3672.3672. File:""240405_tarandus_1_1_p.wiff"", NativeID:""sample=1 period=1 cycle=2197 experiment=3"""
PAGPAGPIGPVGAR,,"240405_tarandus_1_1_p.3120.3120. File:""240405_tarandus_1_1_p.wiff"", NativeID:""sample=1 period=1 cycle=2115 experiment=5"""
GEPGPPGPAGAAGPA,3|Oxidation|6|Oxidation,"240405_tarandus_1_1_p.1935.1935. File:""240405_tarandus_1_1_p.wiff"", NativeID:""sample=1 period=1 cycle=1961 experiment=5"""
GLTGSPGSPGPDGK,6|Oxidation,"240405_tarandus_1_1_p.1385.1385. File:""240405_tarandus_1_1_p.wiff"", NativeID:""sample=1 period=1 cycle=1899 experiment=13"""
GPPGATGFPGAAGR,3|Oxidation|9|Oxidation,"240405_tarandus_1_1_p.1978.1978. File:""240405_tarandus_1_1_p.wiff"", NativeID:""sample=1 period=1 cycle=1967 experiment=4"""
ETGPSGPAGPTGAR,,"240405_tarandus_1_1_p.1315.1315. File:""240405_tarandus_1_1_p.wiff"", NativeID:""sample=1 period=1 cycle=1893 experiment=8"""
EQGPSGASGPAGPR,2|Deamidated,"240405_tarandus_1_1_p.1223.1223. File:""240405_tarandus_1_1_p.wiff"", NativeID:""sample=1 period=1 cycle=1884 experiment=4"""
GPAGPAGPIGPVGAR,,"240405_tarandus_1_1_p.3229.3229. File:""240405_tarandus_1_1_p.wiff"", NativeID:""sample=1 period=1 cycle=2126 experiment=6"""
APGIAGAPGFPGAR,2|Oxidation|8|Oxidation|11|Oxidation,"240405_tarandus_1_1_p.2899.2899. File:""240405_tarandus_1_1_p.wiff"", NativeID:""sample=1 period=1 cycle=2083 experiment=4"""
GEPGPPGPAGAAGPAG,5|Oxidation|6|Oxidation,"240405_tarandus_1_1_p.1879.1879. File:""240405_tarandus_1_1_p.wiff"", NativeID:""sample=1 period=1 cycle=1953 experiment=7"""
GLPGPPGAPGPQGF,3|Oxidation|6|Oxidation|9|Oxidation,"240405_tarandus_1_1_p.3966.3966. File:""240405_tarandus_1_1_p.wiff"", NativeID:""sample=1 period=1 cycle=2289 experiment=3"""
GDAGPPGPAGPAGPPG,6|Oxidation|15|Oxidation,"240405_tarandus_1_1_p.1839.1839. File:""240405_tarandus_1_1_p.wiff"", NativeID:""sample=1 period=1 cycle=1948 experiment=9"""
GETGPSGPAGPTGAR,,"240405_tarandus_1_1_p.1317.1317. File:""240405_tarandus_1_1_p.wiff"", NativeID:""sample=1 period=1 cycle=1893 experiment=10"""
GFPGLPGPSGEPGK,6|Oxidation,"240405_tarandus_1_1_p.3906.3906. File:""240405_tarandus_1_1_p.wiff"", NativeID:""sample=1 period=1 cycle=2266 experiment=4"""
GEQGPSGASGPAGPR,,"240405_tarandus_1_1_p.1184.1184. File:""240405_tarandus_1_1_p.wiff"", NativeID:""sample=1 period=1 cycle=1879 experiment=6"""
GISVPGPMGPSGPR,8|Oxidation,"240405_tarandus_1_1_p.2988.2988. File:""240405_tarandus_1_1_p.wiff"", NativeID:""sample=1 period=1 cycle=2099 experiment=4"""
GPSGPQGPSGPPGPK,12|Oxidation,"240405_tarandus_1_1_p.1235.1235. File:""240405_tarandus_1_1_p.wiff"", NativeID:""sample=1 period=1 cycle=1885 experiment=7"""
GAPGIAGAPGFPGAR,3|Oxidation|9|Oxidation|12|Oxidation,"240405_tarandus_1_1_p.2908.2908. File:""240405_tarandus_1_1_p.wiff"", NativeID:""sample=1 period=1 cycle=2084 experiment=8"""
GLTGPIGPPGPAGAPG,9|Oxidation|15|Oxidation,"240405_tarandus_1_1_p.3848.3848. File:""240405_tarandus_1_1_p.wiff"", NativeID:""sample=1 period=1 cycle=2256 experiment=4"""
TGPAGPAGPIGPVGAR,,"240405_tarandus_1_1_p.3345.3345. File:""240405_tarandus_1_1_p.wiff"", NativeID:""sample=1 period=1 cycle=2144 experiment=5"""
GPPGPMGPPGLAGPPG,3|Oxidation|6|Oxidation|15|Oxidation,"240405_tarandus_1_1_p.3363.3363. File:""240405_tarandus_1_1_p.wiff"", NativeID:""sample=1 period=1 cycle=2148 experiment=3"""
GEPGPPGPAGAAGPAGN,3|Oxidation|6|Oxidation|17|Deamidated,"240405_tarandus_1_1_p.1810.1810. File:""240405_tarandus_1_1_p.wiff"", NativeID:""sample=1 period=1 cycle=1945 experiment=7"""
GEPGPAGLPGPPGER,3|Oxidation|9|Oxidation|12|Oxidation,"240405_tarandus_1_1_p.1990.1990. File:""240405_tarandus_1_1_p.wiff"", NativeID:""sample=1 period=1 cycle=1968 experiment=8"""
GSAGPPGATGFPGAAGR,6|Oxidation|12|Oxidation,"240405_tarandus_1_1_p.2069.2069. File:""240405_tarandus_1_1_p.wiff"", NativeID:""sample=1 period=1 cycle=1977 experiment=6"""
PGEVGPPGPPGPAGEK,1|Oxidation|7|Oxidation|10|Oxidation,"240405_tarandus_1_1_p.1562.1562. File:""240405_tarandus_1_1_p.wiff"", NativeID:""sample=1 period=1 cycle=1917 experiment=14"""
ETGPAGPAGPIGPVGAR,,"240405_tarandus_1_1_p.3441.3441. File:""240405_tarandus_1_1_p.wiff"", NativeID:""sample=1 period=1 cycle=2157 experiment=10"""
GPPGPMGPPGLAGPPGE,3|Oxidation|6|Oxidation|15|Oxidation,"240405_tarandus_1_1_p.3504.3504. File:""240405_tarandus_1_1_p.wiff"", NativeID:""sample=1 period=1 cycle=2163 experiment=9"""
GETGPAGPAGPIGPVGAR,,"240405_tarandus_1_1_p.3609.3609. File:""240405_tarandus_1_1_p.wiff"", NativeID:""sample=1 period=1 cycle=2180 experiment=2"""
DGLNGLPGPIGPPGPR,7|Oxidation|12|Oxidation|13|Oxidation,"240405_tarandus_1_1_p.3835.3835. File:""240405_tarandus_1_1_p.wiff"", NativeID:""sample=1 period=1 cycle=2253 experiment=4"""
GANGAPGIAGAPGFPGAR,6|Oxidation|12|Oxidation|15|Oxidation,"240405_tarandus_1_1_p.2888.2888. File:""240405_tarandus_1_1_p.wiff"", NativeID:""sample=1 period=1 cycle=2080 experiment=5"""
GLTGPIGPPGPAGAPGDK,9|Oxidation|15|Oxidation,"240405_tarandus_1_1_p.3230.3230. File:""240405_tarandus_1_1_p.wiff"", NativeID:""sample=1 period=1 cycle=2126 experiment=7"""
GDAGPPGPAGPAGPPGPIGN,6|Oxidation|15|Oxidation,"240405_tarandus_1_1_p.2968.2968. File:""240405_tarandus_1_1_p.wiff"", NativeID:""sample=1 period=1 cycle=2094 experiment=9"""
DGEAGAQGPPGPAGPAGER,,"240405_tarandus_1_1_p.1762.1762. File:""240405_tarandus_1_1_p.wiff"", NativeID:""sample=1 period=1 cycle=1939 experiment=6"""
RGETGPAGPAGPIGPVGAR,,"240405_tarandus_1_1_p.2797.2797. File:""240405_tarandus_1_1_p.wiff"", NativeID:""sample=1 period=1 cycle=2064 experiment=4"""
GEPGSPGENGAPGQMGPR,3|Oxidation|6|Oxidation|15|Oxidation,"240405_tarandus_1_1_p.1247.1247. File:""240405_tarandus_1_1_p.wiff"", NativeID:""sample=1 period=1 cycle=1886 experiment=10"""
PGEQGVPGDLGAPGPSGAR,1|Oxidation|7|Oxidation|15|Oxidation,"240405_tarandus_1_1_p.2007.2007. File:""240405_tarandus_1_1_p.wiff"", NativeID:""sample=1 period=1 cycle=1969 experiment=14"""
VGPPGPSGNAGPPGPPGPAGK,4|Oxidation|13|Oxidation|18|Oxidation,"240405_tarandus_1_1_p.1627.1627. File:""240405_tarandus_1_1_p.wiff"", NativeID:""sample=1 period=1 cycle=1925 experiment=7"""
GPPGPMGPPGLAGPPGESGR,5|Oxidation|6|Oxidation,"240405_tarandus_1_1_p.3018.3018. File:""240405_tarandus_1_1_p.wiff"", NativeID:""sample=1 period=1 cycle=2103 experiment=4"""
GEPGPTGIQGPPGPAGEEGK,3|Oxidation|12|Oxidation,"240405_tarandus_1_1_p.2167.2167. File:""240405_tarandus_1_1_p.wiff"", NativeID:""sample=1 period=1 cycle=1987 experiment=4"""
GDRGETGPAGPAGPIGPVGAR,,"240405_tarandus_1_1_p.2861.2861. File:""240405_tarandus_1_1_p.wiff"", NativeID:""sample=1 period=1 cycle=2075 experiment=2"""
TGDAGPAGPPGPPGPPGPPGPP,10|Oxidation|13|Oxidation|16|Oxidation|19|Oxidation,"240405_tarandus_1_1_p.2718.2718. File:""240405_tarandus_1_1_p.wiff"", NativeID:""sample=1 period=1 cycle=2054 experiment=7"""
SGDRGETGPAGPAGPIGPVGAR,,"240405_tarandus_1_1_p.2820.2820. File:""240405_tarandus_1_1_p.wiff"", NativeID:""sample=1 period=1 cycle=2067 experiment=4"""
TGDAGPAGPPGPPGPPGPPGPPS,10|Oxidation|13|Oxidation|16|Oxidation|19|Oxidation,"240405_tarandus_1_1_p.2320.2320. File:""240405_tarandus_1_1_p.wiff"", NativeID:""sample=1 period=1 cycle=2008 experiment=3"""
GEPGPTGIQGPPGPAGEEGKR,3|Oxidation|9|Deamidated|12|Oxidation,"240405_tarandus_1_1_p.1898.1898. File:""240405_tarandus_1_1_p.wiff"", NativeID:""sample=1 period=1 cycle=1956 experiment=4"""
TGDAGPAGPPGPPGPPGPPGPPSG,10|Oxidation|13|Oxidation|16|Oxidation,"240405_tarandus_1_1_p.2751.2751. File:""240405_tarandus_1_1_p.wiff"", NativeID:""sample=1 period=1 cycle=2058 experiment=5"""
TGPPGPAGQDGRPGPPGPPGAR,4|Oxidation|9|Deamidated|13|Oxidation|16|Oxidation|19|Oxidation,"240405_tarandus_1_1_p.1236.1236. File:""240405_tarandus_1_1_p.wiff"", NativeID:""sample=1 period=1 cycle=1885 experiment=8"""
GAPGADGPAGAPGTPGPQGIAGQR,12|Oxidation,"240405_tarandus_1_1_p.2492.2492. File:""240405_tarandus_1_1_p.wiff"", NativeID:""sample=1 period=1 cycle=2024 experiment=7"""
TGDAGPAGPPGPPGPPGPPGPPSGG,9|Oxidation|13|Oxidation|16|Oxidation|19|Oxidation,"240405_tarandus_1_1_p.2240.2240. File:""240405_tarandus_1_1_p.wiff"", NativeID:""sample=1 period=1 cycle=1998 experiment=5"""
GEPGPPGPAGFAGPPGADGQPGAK,3|Oxidation|6|Oxidation|15|Oxidation,"240405_tarandus_1_1_p.2830.2830. File:""240405_tarandus_1_1_p.wiff"", NativeID:""sample=1 period=1 cycle=2069 experiment=4"""
GETGPAGPPGAPGAPGAPGPVGPAGK,9|Oxidation|12|Oxidation|18|Oxidation,"240405_tarandus_1_1_p.2107.2107. File:""240405_tarandus_1_1_p.wiff"", NativeID:""sample=1 period=1 cycle=1982 experiment=9"""
GDAGAPGAPGSQGAPGLQGMPGER,6|Oxidation|9|Oxidation|15|Oxidation|21|Oxidation,"240405_tarandus_1_1_p.2230.2230. File:""240405_tarandus_1_1_p.wiff"", NativeID:""sample=1 period=1 cycle=1996 experiment=2"""
GETGPAGRPGEVGPPGPPGPAGEK,9|Oxidation|15|Oxidation|18|Oxidation|20|Oxidation,"240405_tarandus_1_1_p.1417.1417. File:""240405_tarandus_1_1_p.wiff"", NativeID:""sample=1 period=1 cycle=1902 experiment=11"""
GEPGPPGPAGAAGPAGNPGADGQPGGK,5|Oxidation|6|Oxidation|18|Oxidation|23|Deamidated,"240405_tarandus_1_1_p.1595.1595. File:""240405_tarandus_1_1_p.wiff"", NativeID:""sample=1 period=1 cycle=1922 experiment=6"""
GDAGPPGPAGPAGPPGPIGNVGAPGPK,6|Oxidation|24|Oxidation,"240405_tarandus_1_1_p.3622.3622. File:""240405_tarandus_1_1_p.wiff"", NativeID:""sample=1 period=1 cycle=2184 experiment=3"""
GDTGAKGEPGPTGIQGPPGPAGEEGK,9|Oxidation|11|Oxidation|18|Oxidation,"240405_tarandus_1_1_p.1772.1772. File:""240405_tarandus_1_1_p.wiff"", NativeID:""sample=1 period=1 cycle=1940 experiment=9"""
GLQGPPGPPGSPGEQGPSGASGPAGPR,3|Deamidated|6|Oxidation|9|Oxidation|12|Oxidation|15|Deamidated,"240405_tarandus_1_1_p.2358.2358. File:""240405_tarandus_1_1_p.wiff"", NativeID:""sample=1 period=1 cycle=2011 experiment=13"""
GPPGSAGTPGKDGLNGLPGPIGPPGPR,3|Oxidation|15|Deamidated|18|Oxidation|24|Oxidation|26|Oxidation,"240405_tarandus_1_1_p.3264.3264. File:""240405_tarandus_1_1_p.wiff"", NativeID:""sample=1 period=1 cycle=2132 experiment=6"""
GDRGETGPAGPPGAPGAPGAPGPVGPAGK,12|Oxidation|15|Oxidation|21|Oxidation,"240405_tarandus_1_1_p.1838.1838. File:""240405_tarandus_1_1_p.wiff"", NativeID:""sample=1 period=1 cycle=1948 experiment=8"""
GDAGPAGPKGEPGSPGENGAPGQMGPR,8|Oxidation|12|Oxidation|15|Oxidation|18|Deamidated|21|Oxidation|24|Oxidation,"240405_tarandus_1_1_p.1094.1094. File:""240405_tarandus_1_1_p.wiff"", NativeID:""sample=1 period=1 cycle=1866 experiment=4"""
GNDGATGAAGPPGPTGPAGPPGFPGAVGAK,14|Oxidation|24|Oxidation,"240405_tarandus_1_1_p.3803.3803. File:""240405_tarandus_1_1_p.wiff"", NativeID:""sample=1 period=1 cycle=2240 experiment=4"""
GFSGLQGPPGPPGSPGEQGPSGASGPAGPR,9|Oxidation|15|Oxidation,"240405_tarandus_1_1_p.3630.3630. File:""240405_tarandus_1_1_p.wiff"", NativeID:""sample=1 period=1 cycle=2185 experiment=7"""
GAPGDRGEPGPPGPAGFAGPPGADGQPGAK,3|Oxidation|9|Oxidation|12|Oxidation|21|Oxidation,"240405_tarandus_1_1_p.2303.2303. File:""240405_tarandus_1_1_p.wiff"", NativeID:""sample=1 period=1 cycle=2005 experiment=8"""
GVPGPPGAVGPAGKDGEAGAQGPPGPAGPAGER,3|Oxidation|6|Oxidation|21|Deamidated|24|Oxidation,"240405_tarandus_1_1_p.2178.2178. File:""240405_tarandus_1_1_p.wiff"", NativeID:""sample=1 period=1 cycle=1988 experiment=6"""
GLTGPIGPPGPAGAPGDKGETGPSGPAGPTGAR,9|Oxidation|15|Oxidation,"240405_tarandus_1_1_p.3243.3243. File:""240405_tarandus_1_1_p.wiff"", NativeID:""sample=1 period=1 cycle=2128 experiment=6"""
GLPGPPGAPGPQGFQGPPGEPGEPGASGPMGPR,3|Oxidation|6|Oxidation|9|Oxidation|12|Deamidated|21|Oxidation|24|Oxidation,"240405_tarandus_1_1_p.3945.3945. File:""240405_tarandus_1_1_p.wiff"", NativeID:""sample=1 period=1 cycle=2281 experiment=3"""
GSEGPQGVRGEPGPPGPAGAAGPAGNPGADGQPGGK,6|Deamidated|12|Oxidation|17|Oxidation|27|Oxidation|32|Deamidated|33|Oxidation,"240405_tarandus_1_1_p.1681.1681. File:""240405_tarandus_1_1_p.wiff"", NativeID:""sample=1 period=1 cycle=1930 experiment=5"""
GNDGATGAAGPPGPTGPAGPPGFPGAVGAKGEAGPQGPR,2|Deamidated|12|Oxidation|21|Oxidation|24|Oxidation|35|Oxidation|36|Deamidated,"240405_tarandus_1_1_p.3202.3202. File:""240405_tarandus_1_1_p.wiff"", NativeID:""sample=1 period=1 cycle=2123 experiment=5"""
GEQGPAGSPGFQGLPGPAGPPGEAGKPGEQGVPGDLGAPGPSGAR,9|Oxidation|15|Oxidation|17|Oxidation|21|Oxidation|27|Oxidation|33|Oxidation|39|Oxidation,"240405_tarandus_1_1_p.3252.3252. File:""240405_tarandus_1_1_p.wiff"", NativeID:""sample=1 period=1 cycle=2130 experiment=6"""
 
Taxonomic match: Odocoileus virginianus texanus Average Score= [0.96323988]
Containing these species:Odocoileus virginianus texanus
XP_020735093.1 collagen alpha-1(V) chain isoform X1 [Odocoileus virginianus texanus]
GPAGPMGLTGR,6|Oxidation,"240405_tarandus_1_1_p.1918.1918. File:""240405_tarandus_1_1_p.wiff"", NativeID:""sample=1 period=1 cycle=1958 experiment=4"""
LGVPGLPGYPGR,4|Oxidation|7|Oxidation|10|Oxidation,"240405_tarandus_1_1_p.3909.3909. File:""240405_tarandus_1_1_p.wiff"", NativeID:""sample=1 period=1 cycle=2267 experiment=3"""
XP_020769668.1 collagen alpha-1(I) chain isoform X1 [Odocoileus virginianus texanus]
GAAGLPGPK,6|Oxidation,"240405_tarandus_1_1_p.1503.1503. File:""240405_tarandus_1_1_p.wiff"", NativeID:""sample=1 period=1 cycle=1912 experiment=3"""
GPAGPQGPR,,"240405_tarandus_1_1_p.1057.1057. File:""240405_tarandus_1_1_p.wiff"", NativeID:""sample=1 period=1 cycle=1852 experiment=2"""
GFSGLDGAK,,"240405_tarandus_1_1_p.2724.2724. File:""240405_tarandus_1_1_p.wiff"", NativeID:""sample=1 period=1 cycle=2055 experiment=2"""
GSEGPQGVR,,"240405_tarandus_1_1_p.1067.1067. File:""240405_tarandus_1_1_p.wiff"", NativeID:""sample=1 period=1 cycle=1855 experiment=2"""
PAGPIGPVGAR,,"240405_tarandus_1_1_p.2668.2668. File:""240405_tarandus_1_1_p.wiff"", NativeID:""sample=1 period=1 cycle=2046 experiment=2"""
GEPGPPGPAGF,3|Oxidation|6|Oxidation,"240405_tarandus_1_1_p.3660.3660. File:""240405_tarandus_1_1_p.wiff"", NativeID:""sample=1 period=1 cycle=2194 experiment=2"""
AGPPGPPGPAGK,4|Oxidation|7|Oxidation,"240405_tarandus_1_1_p.1102.1102. File:""240405_tarandus_1_1_p.wiff"", NativeID:""sample=1 period=1 cycle=1868 experiment=3"""
PGPPGAVGPAGK,1|Oxidation|4|Oxidation,"240405_tarandus_1_1_p.1746.1746. File:""240405_tarandus_1_1_p.wiff"", NativeID:""sample=1 period=1 cycle=1937 experiment=7"""
GPAGPIGPVGAR,,"240405_tarandus_1_1_p.2796.2796. File:""240405_tarandus_1_1_p.wiff"", NativeID:""sample=1 period=1 cycle=2064 experiment=3"""
GLTGPIGPPGPA,9|Oxidation,"240405_tarandus_1_1_p.4093.4093. File:""240405_tarandus_1_1_p.wiff"", NativeID:""sample=1 period=1 cycle=2341 experiment=3"""
GEPGPPGPAGFA,3|Oxidation|6|Oxidation,"240405_tarandus_1_1_p.3614.3614. File:""240405_tarandus_1_1_p.wiff"", NativeID:""sample=1 period=1 cycle=2182 experiment=2"""
GFPGADGVAGPK,3|Oxidation,"240405_tarandus_1_1_p.2373.2373. File:""240405_tarandus_1_1_p.wiff"", NativeID:""sample=1 period=1 cycle=2013 experiment=8"""
PGATGFPGAAGR,1|Oxidation|7|Oxidation,"240405_tarandus_1_1_p.1833.1833. File:""240405_tarandus_1_1_p.wiff"", NativeID:""sample=1 period=1 cycle=1948 experiment=3"""
GVQGPPGPAGPR,6|Oxidation,"240405_tarandus_1_1_p.1449.1449. File:""240405_tarandus_1_1_p.wiff"", NativeID:""sample=1 period=1 cycle=1906 experiment=6"""
GLTGPIGPPGPAG,9|Oxidation,"240405_tarandus_1_1_p.3989.3989. File:""240405_tarandus_1_1_p.wiff"", NativeID:""sample=1 period=1 cycle=2299 experiment=2"""
AGPAGPIGPVGAR,,"240405_tarandus_1_1_p.2934.2934. File:""240405_tarandus_1_1_p.wiff"", NativeID:""sample=1 period=1 cycle=2089 experiment=2"""
TGPPGPAGQDGR,4|Oxidation,"240405_tarandus_1_1_p.1050.1050. File:""240405_tarandus_1_1_p.wiff"", NativeID:""sample=1 period=1 cycle=1850 experiment=3"""
TGPSGPAGPTGAR,,"240405_tarandus_1_1_p.1232.1232. File:""240405_tarandus_1_1_p.wiff"", NativeID:""sample=1 period=1 cycle=1885 experiment=4"""
GQAGVMGFPGPK,11|Oxidation,"240405_tarandus_1_1_p.3618.3618. File:""240405_tarandus_1_1_p.wiff"", NativeID:""sample=1 period=1 cycle=2183 experiment=3"""
GVPGPPGAVGPAGK,3|Oxidation,"240405_tarandus_1_1_p.2074.2074. File:""240405_tarandus_1_1_p.wiff"", NativeID:""sample=1 period=1 cycle=1978 experiment=3"""
GLTGPIGPPGPAGA,9|Oxidation,"240405_tarandus_1_1_p.4126.4126. File:""240405_tarandus_1_1_p.wiff"", NativeID:""sample=1 period=1 cycle=2347 experiment=2"""
SGPQGPSGPPGPK,4|Deamidated|10|Oxidation,"240405_tarandus_1_1_p.1215.1215. File:""240405_tarandus_1_1_p.wiff"", NativeID:""sample=1 period=1 cycle=1883 experiment=5"""
GFSGLQGPPGPPG,9|Oxidation|12|Oxidation,"240405_tarandus_1_1_p.3672.3672. File:""240405_tarandus_1_1_p.wiff"", NativeID:""sample=1 period=1 cycle=2197 experiment=3"""
PAGPAGPIGPVGAR,,"240405_tarandus_1_1_p.3120.3120. File:""240405_tarandus_1_1_p.wiff"", NativeID:""sample=1 period=1 cycle=2115 experiment=5"""
GEPGPPGPAGAAGPA,3|Oxidation|6|Oxidation,"240405_tarandus_1_1_p.1935.1935. File:""240405_tarandus_1_1_p.wiff"", NativeID:""sample=1 period=1 cycle=1961 experiment=5"""
GLTGSPGSPGPDGK,6|Oxidation,"240405_tarandus_1_1_p.1385.1385. File:""240405_tarandus_1_1_p.wiff"", NativeID:""sample=1 period=1 cycle=1899 experiment=13"""
GPPGATGFPGAAGR,3|Oxidation|9|Oxidation,"240405_tarandus_1_1_p.1978.1978. File:""240405_tarandus_1_1_p.wiff"", NativeID:""sample=1 period=1 cycle=1967 experiment=4"""
ETGPSGPAGPTGAR,,"240405_tarandus_1_1_p.1315.1315. File:""240405_tarandus_1_1_p.wiff"", NativeID:""sample=1 period=1 cycle=1893 experiment=8"""
EQGPSGASGPAGPR,2|Deamidated,"240405_tarandus_1_1_p.1223.1223. File:""240405_tarandus_1_1_p.wiff"", NativeID:""sample=1 period=1 cycle=1884 experiment=4"""
GPAGPAGPIGPVGAR,,"240405_tarandus_1_1_p.3229.3229. File:""240405_tarandus_1_1_p.wiff"", NativeID:""sample=1 period=1 cycle=2126 experiment=6"""
APGIAGAPGFPGAR,2|Oxidation|8|Oxidation|11|Oxidation,"240405_tarandus_1_1_p.2899.2899. File:""240405_tarandus_1_1_p.wiff"", NativeID:""sample=1 period=1 cycle=2083 experiment=4"""
GEPGPPGPAGAAGPAG,5|Oxidation|6|Oxidation,"240405_tarandus_1_1_p.1879.1879. File:""240405_tarandus_1_1_p.wiff"", NativeID:""sample=1 period=1 cycle=1953 experiment=7"""
GLPGPPGAPGPQGF,3|Oxidation|6|Oxidation|9|Oxidation,"240405_tarandus_1_1_p.3966.3966. File:""240405_tarandus_1_1_p.wiff"", NativeID:""sample=1 period=1 cycle=2289 experiment=3"""
GDAGPPGPAGPAGPPG,6|Oxidation|15|Oxidation,"240405_tarandus_1_1_p.1839.1839. File:""240405_tarandus_1_1_p.wiff"", NativeID:""sample=1 period=1 cycle=1948 experiment=9"""
GETGPSGPAGPTGAR,,"240405_tarandus_1_1_p.1317.1317. File:""240405_tarandus_1_1_p.wiff"", NativeID:""sample=1 period=1 cycle=1893 experiment=10"""
GFPGLPGPSGEPGK,6|Oxidation,"240405_tarandus_1_1_p.3906.3906. File:""240405_tarandus_1_1_p.wiff"", NativeID:""sample=1 period=1 cycle=2266 experiment=4"""
GEQGPSGASGPAGPR,,"240405_tarandus_1_1_p.1184.1184. File:""240405_tarandus_1_1_p.wiff"", NativeID:""sample=1 period=1 cycle=1879 experiment=6"""
GISVPGPMGPSGPR,8|Oxidation,"240405_tarandus_1_1_p.2988.2988. File:""240405_tarandus_1_1_p.wiff"", NativeID:""sample=1 period=1 cycle=2099 experiment=4"""
GPSGPQGPSGPPGPK,12|Oxidation,"240405_tarandus_1_1_p.1235.1235. File:""240405_tarandus_1_1_p.wiff"", NativeID:""sample=1 period=1 cycle=1885 experiment=7"""
GAPGIAGAPGFPGAR,3|Oxidation|9|Oxidation|12|Oxidation,"240405_tarandus_1_1_p.2908.2908. File:""240405_tarandus_1_1_p.wiff"", NativeID:""sample=1 period=1 cycle=2084 experiment=8"""
GLTGPIGPPGPAGAPG,9|Oxidation|15|Oxidation,"240405_tarandus_1_1_p.3848.3848. File:""240405_tarandus_1_1_p.wiff"", NativeID:""sample=1 period=1 cycle=2256 experiment=4"""
TGPAGPAGPIGPVGAR,,"240405_tarandus_1_1_p.3345.3345. File:""240405_tarandus_1_1_p.wiff"", NativeID:""sample=1 period=1 cycle=2144 experiment=5"""
GPPGPMGPPGLAGPPG,3|Oxidation|6|Oxidation|15|Oxidation,"240405_tarandus_1_1_p.3363.3363. File:""240405_tarandus_1_1_p.wiff"", NativeID:""sample=1 period=1 cycle=2148 experiment=3"""
GEPGPPGPAGAAGPAGN,3|Oxidation|6|Oxidation|17|Deamidated,"240405_tarandus_1_1_p.1810.1810. File:""240405_tarandus_1_1_p.wiff"", NativeID:""sample=1 period=1 cycle=1945 experiment=7"""
GEPGPAGLPGPPGER,3|Oxidation|9|Oxidation|12|Oxidation,"240405_tarandus_1_1_p.1990.1990. File:""240405_tarandus_1_1_p.wiff"", NativeID:""sample=1 period=1 cycle=1968 experiment=8"""
GSAGPPGATGFPGAAGR,6|Oxidation|12|Oxidation,"240405_tarandus_1_1_p.2069.2069. File:""240405_tarandus_1_1_p.wiff"", NativeID:""sample=1 period=1 cycle=1977 experiment=6"""
PGEVGPPGPPGPAGEK,1|Oxidation|7|Oxidation|10|Oxidation,"240405_tarandus_1_1_p.1562.1562. File:""240405_tarandus_1_1_p.wiff"", NativeID:""sample=1 period=1 cycle=1917 experiment=14"""
ETGPAGPAGPIGPVGAR,,"240405_tarandus_1_1_p.3441.3441. File:""240405_tarandus_1_1_p.wiff"", NativeID:""sample=1 period=1 cycle=2157 experiment=10"""
GPPGPMGPPGLAGPPGE,3|Oxidation|6|Oxidation|15|Oxidation,"240405_tarandus_1_1_p.3504.3504. File:""240405_tarandus_1_1_p.wiff"", NativeID:""sample=1 period=1 cycle=2163 experiment=9"""
GETGPAGPAGPIGPVGAR,,"240405_tarandus_1_1_p.3609.3609. File:""240405_tarandus_1_1_p.wiff"", NativeID:""sample=1 period=1 cycle=2180 experiment=2"""
DGLNGLPGPIGPPGPR,7|Oxidation|12|Oxidation|13|Oxidation,"240405_tarandus_1_1_p.3835.3835. File:""240405_tarandus_1_1_p.wiff"", NativeID:""sample=1 period=1 cycle=2253 experiment=4"""
GANGAPGIAGAPGFPGAR,6|Oxidation|12|Oxidation|15|Oxidation,"240405_tarandus_1_1_p.2888.2888. File:""240405_tarandus_1_1_p.wiff"", NativeID:""sample=1 period=1 cycle=2080 experiment=5"""
GLTGPIGPPGPAGAPGDK,9|Oxidation|15|Oxidation,"240405_tarandus_1_1_p.3230.3230. File:""240405_tarandus_1_1_p.wiff"", NativeID:""sample=1 period=1 cycle=2126 experiment=7"""
GDAGPPGPAGPAGPPGPIGN,6|Oxidation|15|Oxidation,"240405_tarandus_1_1_p.2968.2968. File:""240405_tarandus_1_1_p.wiff"", NativeID:""sample=1 period=1 cycle=2094 experiment=9"""
DGEAGAQGPPGPAGPAGER,,"240405_tarandus_1_1_p.1762.1762. File:""240405_tarandus_1_1_p.wiff"", NativeID:""sample=1 period=1 cycle=1939 experiment=6"""
RGETGPAGPAGPIGPVGAR,,"240405_tarandus_1_1_p.2797.2797. File:""240405_tarandus_1_1_p.wiff"", NativeID:""sample=1 period=1 cycle=2064 experiment=4"""
GEPGSPGENGAPGQMGPR,3|Oxidation|6|Oxidation|15|Oxidation,"240405_tarandus_1_1_p.1247.1247. File:""240405_tarandus_1_1_p.wiff"", NativeID:""sample=1 period=1 cycle=1886 experiment=10"""
PGEQGVPGDLGAPGPSGAR,1|Oxidation|7|Oxidation|15|Oxidation,"240405_tarandus_1_1_p.2007.2007. File:""240405_tarandus_1_1_p.wiff"", NativeID:""sample=1 period=1 cycle=1969 experiment=14"""
VGPPGPSGNAGPPGPPGPAGK,4|Oxidation|13|Oxidation|18|Oxidation,"240405_tarandus_1_1_p.1627.1627. File:""240405_tarandus_1_1_p.wiff"", NativeID:""sample=1 period=1 cycle=1925 experiment=7"""
GPPGPMGPPGLAGPPGESGR,5|Oxidation|6|Oxidation,"240405_tarandus_1_1_p.3018.3018. File:""240405_tarandus_1_1_p.wiff"", NativeID:""sample=1 period=1 cycle=2103 experiment=4"""
GEPGPTGIQGPPGPAGEEGK,3|Oxidation|12|Oxidation,"240405_tarandus_1_1_p.2167.2167. File:""240405_tarandus_1_1_p.wiff"", NativeID:""sample=1 period=1 cycle=1987 experiment=4"""
GDRGETGPAGPAGPIGPVGAR,,"240405_tarandus_1_1_p.2861.2861. File:""240405_tarandus_1_1_p.wiff"", NativeID:""sample=1 period=1 cycle=2075 experiment=2"""
TGDAGPAGPPGPPGPPGPPGPP,10|Oxidation|13|Oxidation|16|Oxidation|19|Oxidation,"240405_tarandus_1_1_p.2718.2718. File:""240405_tarandus_1_1_p.wiff"", NativeID:""sample=1 period=1 cycle=2054 experiment=7"""
SGDRGETGPAGPAGPIGPVGAR,,"240405_tarandus_1_1_p.2820.2820. File:""240405_tarandus_1_1_p.wiff"", NativeID:""sample=1 period=1 cycle=2067 experiment=4"""
TGDAGPAGPPGPPGPPGPPGPPS,10|Oxidation|13|Oxidation|16|Oxidation|19|Oxidation,"240405_tarandus_1_1_p.2320.2320. File:""240405_tarandus_1_1_p.wiff"", NativeID:""sample=1 period=1 cycle=2008 experiment=3"""
GEPGPTGIQGPPGPAGEEGKR,3|Oxidation|9|Deamidated|12|Oxidation,"240405_tarandus_1_1_p.1898.1898. File:""240405_tarandus_1_1_p.wiff"", NativeID:""sample=1 period=1 cycle=1956 experiment=4"""
TGDAGPAGPPGPPGPPGPPGPPSG,10|Oxidation|13|Oxidation|16|Oxidation,"240405_tarandus_1_1_p.2751.2751. File:""240405_tarandus_1_1_p.wiff"", NativeID:""sample=1 period=1 cycle=2058 experiment=5"""
TGPPGPAGQDGRPGPPGPPGAR,4|Oxidation|9|Deamidated|13|Oxidation|16|Oxidation|19|Oxidation,"240405_tarandus_1_1_p.1236.1236. File:""240405_tarandus_1_1_p.wiff"", NativeID:""sample=1 period=1 cycle=1885 experiment=8"""
GAPGADGPAGAPGTPGPQGIAGQR,12|Oxidation,"240405_tarandus_1_1_p.2492.2492. File:""240405_tarandus_1_1_p.wiff"", NativeID:""sample=1 period=1 cycle=2024 experiment=7"""
TGDAGPAGPPGPPGPPGPPGPPSGG,9|Oxidation|13|Oxidation|16|Oxidation|19|Oxidation,"240405_tarandus_1_1_p.2240.2240. File:""240405_tarandus_1_1_p.wiff"", NativeID:""sample=1 period=1 cycle=1998 experiment=5"""
GEPGPPGPAGFAGPPGADGQPGAK,3|Oxidation|6|Oxidation|15|Oxidation,"240405_tarandus_1_1_p.2830.2830. File:""240405_tarandus_1_1_p.wiff"", NativeID:""sample=1 period=1 cycle=2069 experiment=4"""
GETGPAGPPGAPGAPGAPGPVGPAGK,9|Oxidation|12|Oxidation|18|Oxidation,"240405_tarandus_1_1_p.2107.2107. File:""240405_tarandus_1_1_p.wiff"", NativeID:""sample=1 period=1 cycle=1982 experiment=9"""
GDAGAPGAPGSQGAPGLQGMPGER,6|Oxidation|9|Oxidation|15|Oxidation|21|Oxidation,"240405_tarandus_1_1_p.2230.2230. File:""240405_tarandus_1_1_p.wiff"", NativeID:""sample=1 period=1 cycle=1996 experiment=2"""
GETGPAGRPGEVGPPGPPGPAGEK,9|Oxidation|15|Oxidation|18|Oxidation|20|Oxidation,"240405_tarandus_1_1_p.1417.1417. File:""240405_tarandus_1_1_p.wiff"", NativeID:""sample=1 period=1 cycle=1902 experiment=11"""
GEPGPPGPAGAAGPAGNPGADGQPGGK,5|Oxidation|6|Oxidation|18|Oxidation|23|Deamidated,"240405_tarandus_1_1_p.1595.1595. File:""240405_tarandus_1_1_p.wiff"", NativeID:""sample=1 period=1 cycle=1922 experiment=6"""
GDAGPPGPAGPAGPPGPIGNVGAPGPK,6|Oxidation|24|Oxidation,"240405_tarandus_1_1_p.3622.3622. File:""240405_tarandus_1_1_p.wiff"", NativeID:""sample=1 period=1 cycle=2184 experiment=3"""
GDTGAKGEPGPTGIQGPPGPAGEEGK,9|Oxidation|11|Oxidation|18|Oxidation,"240405_tarandus_1_1_p.1772.1772. File:""240405_tarandus_1_1_p.wiff"", NativeID:""sample=1 period=1 cycle=1940 experiment=9"""
GLQGPPGPPGSPGEQGPSGASGPAGPR,3|Deamidated|6|Oxidation|9|Oxidation|12|Oxidation|15|Deamidated,"240405_tarandus_1_1_p.2358.2358. File:""240405_tarandus_1_1_p.wiff"", NativeID:""sample=1 period=1 cycle=2011 experiment=13"""
GPPGSAGTPGKDGLNGLPGPIGPPGPR,3|Oxidation|15|Deamidated|18|Oxidation|24|Oxidation|26|Oxidation,"240405_tarandus_1_1_p.3264.3264. File:""240405_tarandus_1_1_p.wiff"", NativeID:""sample=1 period=1 cycle=2132 experiment=6"""
GDRGETGPAGPPGAPGAPGAPGPVGPAGK,12|Oxidation|15|Oxidation|21|Oxidation,"240405_tarandus_1_1_p.1838.1838. File:""240405_tarandus_1_1_p.wiff"", NativeID:""sample=1 period=1 cycle=1948 experiment=8"""
GDAGPAGPKGEPGSPGENGAPGQMGPR,8|Oxidation|12|Oxidation|15|Oxidation|18|Deamidated|21|Oxidation|24|Oxidation,"240405_tarandus_1_1_p.1094.1094. File:""240405_tarandus_1_1_p.wiff"", NativeID:""sample=1 period=1 cycle=1866 experiment=4"""
GNDGATGAAGPPGPTGPAGPPGFPGAVGAK,14|Oxidation|24|Oxidation,"240405_tarandus_1_1_p.3803.3803. File:""240405_tarandus_1_1_p.wiff"", NativeID:""sample=1 period=1 cycle=2240 experiment=4"""
GFSGLQGPPGPPGSPGEQGPSGASGPAGPR,9|Oxidation|15|Oxidation,"240405_tarandus_1_1_p.3630.3630. File:""240405_tarandus_1_1_p.wiff"", NativeID:""sample=1 period=1 cycle=2185 experiment=7"""
GAPGDRGEPGPPGPAGFAGPPGADGQPGAK,3|Oxidation|9|Oxidation|12|Oxidation|21|Oxidation,"240405_tarandus_1_1_p.2303.2303. File:""240405_tarandus_1_1_p.wiff"", NativeID:""sample=1 period=1 cycle=2005 experiment=8"""
GVPGPPGAVGPAGKDGEAGAQGPPGPAGPAGER,3|Oxidation|6|Oxidation|21|Deamidated|24|Oxidation,"240405_tarandus_1_1_p.2178.2178. File:""240405_tarandus_1_1_p.wiff"", NativeID:""sample=1 period=1 cycle=1988 experiment=6"""
GLTGPIGPPGPAGAPGDKGETGPSGPAGPTGAR,9|Oxidation|15|Oxidation,"240405_tarandus_1_1_p.3243.3243. File:""240405_tarandus_1_1_p.wiff"", NativeID:""sample=1 period=1 cycle=2128 experiment=6"""
GLPGPPGAPGPQGFQGPPGEPGEPGASGPMGPR,3|Oxidation|6|Oxidation|9|Oxidation|12|Deamidated|21|Oxidation|24|Oxidation,"240405_tarandus_1_1_p.3945.3945. File:""240405_tarandus_1_1_p.wiff"", NativeID:""sample=1 period=1 cycle=2281 experiment=3"""
GSEGPQGVRGEPGPPGPAGAAGPAGNPGADGQPGGK,6|Deamidated|12|Oxidation|17|Oxidation|27|Oxidation|32|Deamidated|33|Oxidation,"240405_tarandus_1_1_p.1681.1681. File:""240405_tarandus_1_1_p.wiff"", NativeID:""sample=1 period=1 cycle=1930 experiment=5"""
GNDGATGAAGPPGPTGPAGPPGFPGAVGAKGEAGPQGPR,2|Deamidated|12|Oxidation|21|Oxidation|24|Oxidation|35|Oxidation|36|Deamidated,"240405_tarandus_1_1_p.3202.3202. File:""240405_tarandus_1_1_p.wiff"", NativeID:""sample=1 period=1 cycle=2123 experiment=5"""
GEQGPAGSPGFQGLPGPAGPPGEAGKPGEQGVPGDLGAPGPSGAR,9|Oxidation|15|Oxidation|17|Oxidation|21|Oxidation|27|Oxidation|33|Oxidation|39|Oxidation,"240405_tarandus_1_1_p.3252.3252. File:""240405_tarandus_1_1_p.wiff"", NativeID:""sample=1 period=1 cycle=2130 experiment=6"""
XP_020744904.1 collagen alpha-1(II) chain isoform X1 [Odocoileus virginianus texanus]
GLTGPIGPPGPA,9|Oxidation,"240405_tarandus_1_1_p.4093.4093. File:""240405_tarandus_1_1_p.wiff"", NativeID:""sample=1 period=1 cycle=2341 experiment=3"""
PGATGFPGAAGR,1|Oxidation|7|Oxidation,"240405_tarandus_1_1_p.1833.1833. File:""240405_tarandus_1_1_p.wiff"", NativeID:""sample=1 period=1 cycle=1948 experiment=3"""
GLTGPIGPPGPAG,9|Oxidation,"240405_tarandus_1_1_p.3989.3989. File:""240405_tarandus_1_1_p.wiff"", NativeID:""sample=1 period=1 cycle=2299 experiment=2"""
GLTGPIGPPGPAGA,9|Oxidation,"240405_tarandus_1_1_p.4126.4126. File:""240405_tarandus_1_1_p.wiff"", NativeID:""sample=1 period=1 cycle=2347 experiment=2"""
GPPGATGFPGAAGR,3|Oxidation|9|Oxidation,"240405_tarandus_1_1_p.1978.1978. File:""240405_tarandus_1_1_p.wiff"", NativeID:""sample=1 period=1 cycle=1967 experiment=4"""
GFPGLPGPSGEPGK,6|Oxidation,"240405_tarandus_1_1_p.3906.3906. File:""240405_tarandus_1_1_p.wiff"", NativeID:""sample=1 period=1 cycle=2266 experiment=4"""
AQGPPGATGFPGAAGR,4|Oxidation|5|Oxidation|11|Oxidation,"240405_tarandus_1_1_p.2077.2077. File:""240405_tarandus_1_1_p.wiff"", NativeID:""sample=1 period=1 cycle=1978 experiment=6"""
GLTGPIGPPGPAGANGEK,9|Oxidation|15|Deamidated,"240405_tarandus_1_1_p.3100.3100. File:""240405_tarandus_1_1_p.wiff"", NativeID:""sample=1 period=1 cycle=2113 experiment=11"""
XP_020769440.1 collagen alpha-2(I) chain [Odocoileus virginianus texanus]
PGATGFPGAAGR,1|Oxidation|7|Oxidation,"240405_tarandus_1_1_p.1833.1833. File:""240405_tarandus_1_1_p.wiff"", NativeID:""sample=1 period=1 cycle=1948 experiment=3"""
GPPGATGFPGAAGR,3|Oxidation|9|Oxidation,"240405_tarandus_1_1_p.1978.1978. File:""240405_tarandus_1_1_p.wiff"", NativeID:""sample=1 period=1 cycle=1967 experiment=4"""
GAMGPAGVR,3|Oxidation,"240405_tarandus_1_1_p.1127.1127. File:""240405_tarandus_1_1_p.wiff"", NativeID:""sample=1 period=1 cycle=1873 experiment=2"""
GVVGPQGAR,,"240405_tarandus_1_1_p.1399.1399. File:""240405_tarandus_1_1_p.wiff"", NativeID:""sample=1 period=1 cycle=1901 experiment=3"""
GPSGPQGIR,,"240405_tarandus_1_1_p.1410.1410. File:""240405_tarandus_1_1_p.wiff"", NativeID:""sample=1 period=1 cycle=1902 experiment=4"""
VGPAGAVGPR,,"240405_tarandus_1_1_p.1816.1816. File:""240405_tarandus_1_1_p.wiff"", NativeID:""sample=1 period=1 cycle=1946 experiment=4"""
AGVMGPAGSR,,"240405_tarandus_1_1_p.1668.1668. File:""240405_tarandus_1_1_p.wiff"", NativeID:""sample=1 period=1 cycle=1929 experiment=3"""
PGPIGPAGAR,1|Oxidation,"240405_tarandus_1_1_p.1798.1798. File:""240405_tarandus_1_1_p.wiff"", NativeID:""sample=1 period=1 cycle=1944 experiment=4"""
AVGPAGAVGPR,,"240405_tarandus_1_1_p.1970.1970. File:""240405_tarandus_1_1_p.wiff"", NativeID:""sample=1 period=1 cycle=1966 experiment=3"""
AAGPTGPIGSR,,"240405_tarandus_1_1_p.1768.1768. File:""240405_tarandus_1_1_p.wiff"", NativeID:""sample=1 period=1 cycle=1940 experiment=5"""
PLGIAGPPGAR,8|Oxidation,"240405_tarandus_1_1_p.3063.3063. File:""240405_tarandus_1_1_p.wiff"", NativeID:""sample=1 period=1 cycle=2110 experiment=3"""
PGPVGAAGATGAR,1|Oxidation,"240405_tarandus_1_1_p.2488.2488. File:""240405_tarandus_1_1_p.wiff"", NativeID:""sample=1 period=1 cycle=2024 experiment=3"""
EGPVGLPGIDGR,7|Oxidation,"240405_tarandus_1_1_p.3799.3799. File:""240405_tarandus_1_1_p.wiff"", NativeID:""sample=1 period=1 cycle=2239 experiment=2"""
GEPGNIGFPGPK,3|Oxidation|9|Oxidation,"240405_tarandus_1_1_p.2828.2828. File:""240405_tarandus_1_1_p.wiff"", NativeID:""sample=1 period=1 cycle=2069 experiment=2"""
GFPGTPGLPGFK,3|Oxidation|6|Oxidation|9|Oxidation,"240405_tarandus_1_1_p.4157.4157. File:""240405_tarandus_1_1_p.wiff"", NativeID:""sample=1 period=1 cycle=2359 experiment=2"""
GPPGASGAPGPQGF,3|Oxidation|9|Oxidation,"240405_tarandus_1_1_p.3044.3044. File:""240405_tarandus_1_1_p.wiff"", NativeID:""sample=1 period=1 cycle=2107 experiment=3"""
ESGAAGPTGPIGSR,,"240405_tarandus_1_1_p.1878.1878. File:""240405_tarandus_1_1_p.wiff"", NativeID:""sample=1 period=1 cycle=1953 experiment=6"""
PGEFGLPGPAGAR,1|Oxidation|9|Oxidation,"240405_tarandus_1_1_p.4096.4096. File:""240405_tarandus_1_1_p.wiff"", NativeID:""sample=1 period=1 cycle=2341 experiment=6"""
GEAGPAGPAGPAGPR,,"240405_tarandus_1_1_p.1616.1616. File:""240405_tarandus_1_1_p.wiff"", NativeID:""sample=1 period=1 cycle=1924 experiment=10"""
GIPGPVGAAGATGAR,3|Oxidation,"240405_tarandus_1_1_p.2566.2566. File:""240405_tarandus_1_1_p.wiff"", NativeID:""sample=1 period=1 cycle=2033 experiment=4"""
GFPGSPGNIGPAGK,3|Oxidation|6|Oxidation,"240405_tarandus_1_1_p.2268.2268. File:""240405_tarandus_1_1_p.wiff"", NativeID:""sample=1 period=1 cycle=2002 experiment=8"""
TAGPSGPSGLPGER,11|Oxidation,"240405_tarandus_1_1_p.1861.1861. File:""240405_tarandus_1_1_p.wiff"", NativeID:""sample=1 period=1 cycle=1951 experiment=6"""
LGPPGFLGLPGSR,4|Oxidation|10|Oxidation,"240405_tarandus_1_1_p.5125.5125. File:""240405_tarandus_1_1_p.wiff"", NativeID:""sample=1 period=1 cycle=3124 experiment=2"""
GSDGSVGPVGPAGPIG,,"240405_tarandus_1_1_p.4103.4103. File:""240405_tarandus_1_1_p.wiff"", NativeID:""sample=1 period=1 cycle=2342 experiment=7"""
GPPGESGAAGPTGPIG,3|Oxidation,"240405_tarandus_1_1_p.2892.2892. File:""240405_tarandus_1_1_p.wiff"", NativeID:""sample=1 period=1 cycle=2081 experiment=4"""
GIPGEFGLPGPAGAR,3|Oxidation|9|Oxidation,"240405_tarandus_1_1_p.4237.4237. File:""240405_tarandus_1_1_p.wiff"", NativeID:""sample=1 period=1 cycle=2411 experiment=4"""
GDGGPPGATGFPGAAGR,12|Oxidation,"240405_tarandus_1_1_p.2461.2461. File:""240405_tarandus_1_1_p.wiff"", NativeID:""sample=1 period=1 cycle=2021 experiment=10"""
GAPGAVGAPGPAGANGDR,3|Oxidation|9|Oxidation,"240405_tarandus_1_1_p.1254.1254. File:""240405_tarandus_1_1_p.wiff"", NativeID:""sample=1 period=1 cycle=1887 experiment=7"""
GEPGPAGAVGPAGAVGPR,3|Oxidation,"240405_tarandus_1_1_p.2722.2722. File:""240405_tarandus_1_1_p.wiff"", NativeID:""sample=1 period=1 cycle=2054 experiment=11"""
GEVGLPGLSGPVGPPGN,6|Oxidation|15|Oxidation,"240405_tarandus_1_1_p.4857.4857. File:""240405_tarandus_1_1_p.wiff"", NativeID:""sample=1 period=1 cycle=2911 experiment=2"""
GAAGLPGVAGAPGLPGPR,6|Oxidation|12|Oxidation|15|Oxidation,"240405_tarandus_1_1_p.3729.3729. File:""240405_tarandus_1_1_p.wiff"", NativeID:""sample=1 period=1 cycle=2212 experiment=3"""
SVGEPGPLGIAGPPGAR,5|Oxidation|14|Oxidation,"240405_tarandus_1_1_p.3795.3795. File:""240405_tarandus_1_1_p.wiff"", NativeID:""sample=1 period=1 cycle=2237 experiment=2"""
GPPGESGAAGPTGPIGSR,3|Oxidation,"240405_tarandus_1_1_p.2098.2098. File:""240405_tarandus_1_1_p.wiff"", NativeID:""sample=1 period=1 cycle=1981 experiment=6"""
GELGPVGNPGPAGPAGPR,11|Oxidation,"240405_tarandus_1_1_p.2928.2928. File:""240405_tarandus_1_1_p.wiff"", NativeID:""sample=1 period=1 cycle=2087 experiment=6"""
GSTGEIGPAGPPGPPGLR,14|Oxidation|15|Oxidation,"240405_tarandus_1_1_p.3101.3101. File:""240405_tarandus_1_1_p.wiff"", NativeID:""sample=1 period=1 cycle=2113 experiment=12"""
GEPGAPGENGTPGQTGAR,3|Oxidation|6|Oxidation|9|Deamidated|12|Oxidation,"240405_tarandus_1_1_p.1023.1023. File:""240405_tarandus_1_1_p.wiff"", NativeID:""sample=1 period=1 cycle=1830 experiment=3"""
GPNGDSGRPGEPGLMGPR,3|Deamidated|9|Oxidation|17|Oxidation,"240405_tarandus_1_1_p.1887.1887. File:""240405_tarandus_1_1_p.wiff"", NativeID:""sample=1 period=1 cycle=1954 experiment=7"""
RGSTGEIGPAGPPGPPGLR,13|Oxidation|16|Oxidation,"240405_tarandus_1_1_p.2544.2544. File:""240405_tarandus_1_1_p.wiff"", NativeID:""sample=1 period=1 cycle=2030 experiment=9"""
GPPGNVGNPGVNGAPGEAGR,3|Oxidation|9|Oxidation|15|Oxidation,"240405_tarandus_1_1_p.1262.1262. File:""240405_tarandus_1_1_p.wiff"", NativeID:""sample=1 period=1 cycle=1888 experiment=7"""
TGPPGPSGISGPPGPPGPAGK,4|Oxidation|13|Oxidation|16|Oxidation,"240405_tarandus_1_1_p.2257.2257. File:""240405_tarandus_1_1_p.wiff"", NativeID:""sample=1 period=1 cycle=2001 experiment=3"""
GLPGVAGSVGEPGPLGIAGPPGAR,3|Oxidation|12|Oxidation|21|Oxidation,"240405_tarandus_1_1_p.4796.4796. File:""240405_tarandus_1_1_p.wiff"", NativeID:""sample=1 period=1 cycle=2874 experiment=2"""
GEPGVVGAPGTAGPSGPSGLPGER,3|Oxidation|9|Oxidation|21|Oxidation,"240405_tarandus_1_1_p.2815.2815. File:""240405_tarandus_1_1_p.wiff"", NativeID:""sample=1 period=1 cycle=2066 experiment=8"""
GSQGSQGPAGPPGPPGPPGPPGPSGGG,6|Deamidated|12|Oxidation|15|Oxidation|18|Oxidation|21|Oxidation,"240405_tarandus_1_1_p.1894.1894. File:""240405_tarandus_1_1_p.wiff"", NativeID:""sample=1 period=1 cycle=1955 experiment=4"""
GYPGNAGPVGTAGAPGPQGPVGPTGK,3|Oxidation|5|Deamidated|15|Oxidation|18|Deamidated,"240405_tarandus_1_1_p.2926.2926. File:""240405_tarandus_1_1_p.wiff"", NativeID:""sample=1 period=1 cycle=2087 experiment=4"""
GESGNKGEPGAVGQPGPPGPSGEEGK,9|Oxidation|15|Oxidation|18|Oxidation,"240405_tarandus_1_1_p.1088.1088. File:""240405_tarandus_1_1_p.wiff"", NativeID:""sample=1 period=1 cycle=1865 experiment=4"""
GSDGSVGPVGPAGPIGSAGPPGFPGAPGPK,21|Oxidation|29|Oxidation,"240405_tarandus_1_1_p.4640.4640. File:""240405_tarandus_1_1_p.wiff"", NativeID:""sample=1 period=1 cycle=2748 experiment=2"""
GAPGAVGAPGPAGANGDRGEAGPAGPAGPAGPR,3|Oxidation|9|Oxidation,"240405_tarandus_1_1_p.1914.1914. File:""240405_tarandus_1_1_p.wiff"", NativeID:""sample=1 period=1 cycle=1957 experiment=10"""
GEQGPAGPPGFQGLPGPAGTAGEAGKPGER,9|Oxidation|15|Oxidation|27|Oxidation,"240405_tarandus_1_1_p.3310.3310. File:""240405_tarandus_1_1_p.wiff"", NativeID:""sample=1 period=1 cycle=2139 experiment=6"""
GPPGASGAPGPQGFQGPPGEPGEPGQTGPAGAR,2|Oxidation|9|Oxidation|18|Oxidation|21|Oxidation|24|Oxidation,"240405_tarandus_1_1_p.2386.2386. File:""240405_tarandus_1_1_p.wiff"", NativeID:""sample=1 period=1 cycle=2014 experiment=7"""
GPSGPPGPDGNKGEPGVVGAPGTAGPSGPSGLPGER,6|Oxidation|15|Oxidation|21|Oxidation|33|Oxidation,"240405_tarandus_1_1_p.2515.2515. File:""240405_tarandus_1_1_p.wiff"", NativeID:""sample=1 period=1 cycle=2027 experiment=8"""
*GEVGPAGPNGFAGPAGAAGQAGAKG,20|Deamidated,"240405_tarandus_1_1_p.3060.3060. File:""240405_tarandus_1_1_p.wiff"", NativeID:""sample=1 period=1 cycle=2109 experiment=6"""
 
Taxonomic match: Sus scrofa Average Score= [0.73405452]
Containing these species:Sus scrofa
NP_001014971.1 collagen alpha-1(V) chain precursor [Sus scrofa]
GPAGPMGLTGR,6|Oxidation,"240405_tarandus_1_1_p.1918.1918. File:""240405_tarandus_1_1_p.wiff"", NativeID:""sample=1 period=1 cycle=1958 experiment=4"""
LGVPGLPGYPGR,4|Oxidation|7|Oxidation|10|Oxidation,"240405_tarandus_1_1_p.3909.3909. File:""240405_tarandus_1_1_p.wiff"", NativeID:""sample=1 period=1 cycle=2267 experiment=3"""
XP_020922812.1 collagen alpha-1(I) chain isoform X1 [Sus scrofa]
GAAGLPGPK,6|Oxidation,"240405_tarandus_1_1_p.1503.1503. File:""240405_tarandus_1_1_p.wiff"", NativeID:""sample=1 period=1 cycle=1912 experiment=3"""
GPAGPQGPR,,"240405_tarandus_1_1_p.1057.1057. File:""240405_tarandus_1_1_p.wiff"", NativeID:""sample=1 period=1 cycle=1852 experiment=2"""
GFSGLDGAK,,"240405_tarandus_1_1_p.2724.2724. File:""240405_tarandus_1_1_p.wiff"", NativeID:""sample=1 period=1 cycle=2055 experiment=2"""
GSEGPQGVR,,"240405_tarandus_1_1_p.1067.1067. File:""240405_tarandus_1_1_p.wiff"", NativeID:""sample=1 period=1 cycle=1855 experiment=2"""
GEPGPPGPAGF,3|Oxidation|6|Oxidation,"240405_tarandus_1_1_p.3660.3660. File:""240405_tarandus_1_1_p.wiff"", NativeID:""sample=1 period=1 cycle=2194 experiment=2"""
AGPPGPPGPAGK,4|Oxidation|7|Oxidation,"240405_tarandus_1_1_p.1102.1102. File:""240405_tarandus_1_1_p.wiff"", NativeID:""sample=1 period=1 cycle=1868 experiment=3"""
PGPPGAVGPAGK,1|Oxidation|4|Oxidation,"240405_tarandus_1_1_p.1746.1746. File:""240405_tarandus_1_1_p.wiff"", NativeID:""sample=1 period=1 cycle=1937 experiment=7"""
GLTGPIGPPGPA,9|Oxidation,"240405_tarandus_1_1_p.4093.4093. File:""240405_tarandus_1_1_p.wiff"", NativeID:""sample=1 period=1 cycle=2341 experiment=3"""
GEPGPPGPAGFA,3|Oxidation|6|Oxidation,"240405_tarandus_1_1_p.3614.3614. File:""240405_tarandus_1_1_p.wiff"", NativeID:""sample=1 period=1 cycle=2182 experiment=2"""
GFPGADGVAGPK,3|Oxidation,"240405_tarandus_1_1_p.2373.2373. File:""240405_tarandus_1_1_p.wiff"", NativeID:""sample=1 period=1 cycle=2013 experiment=8"""
PGATGFPGAAGR,1|Oxidation|7|Oxidation,"240405_tarandus_1_1_p.1833.1833. File:""240405_tarandus_1_1_p.wiff"", NativeID:""sample=1 period=1 cycle=1948 experiment=3"""
GVQGPPGPAGPR,6|Oxidation,"240405_tarandus_1_1_p.1449.1449. File:""240405_tarandus_1_1_p.wiff"", NativeID:""sample=1 period=1 cycle=1906 experiment=6"""
GLTGPIGPPGPAG,9|Oxidation,"240405_tarandus_1_1_p.3989.3989. File:""240405_tarandus_1_1_p.wiff"", NativeID:""sample=1 period=1 cycle=2299 experiment=2"""
TGPPGPAGQDGR,4|Oxidation,"240405_tarandus_1_1_p.1050.1050. File:""240405_tarandus_1_1_p.wiff"", NativeID:""sample=1 period=1 cycle=1850 experiment=3"""
TGPSGPAGPTGAR,,"240405_tarandus_1_1_p.1232.1232. File:""240405_tarandus_1_1_p.wiff"", NativeID:""sample=1 period=1 cycle=1885 experiment=4"""
GQAGVMGFPGPK,11|Oxidation,"240405_tarandus_1_1_p.3618.3618. File:""240405_tarandus_1_1_p.wiff"", NativeID:""sample=1 period=1 cycle=2183 experiment=3"""
GVPGPPGAVGPAGK,3|Oxidation,"240405_tarandus_1_1_p.2074.2074. File:""240405_tarandus_1_1_p.wiff"", NativeID:""sample=1 period=1 cycle=1978 experiment=3"""
GLTGPIGPPGPAGA,9|Oxidation,"240405_tarandus_1_1_p.4126.4126. File:""240405_tarandus_1_1_p.wiff"", NativeID:""sample=1 period=1 cycle=2347 experiment=2"""
SGPQGPSGPPGPK,4|Deamidated|10|Oxidation,"240405_tarandus_1_1_p.1215.1215. File:""240405_tarandus_1_1_p.wiff"", NativeID:""sample=1 period=1 cycle=1883 experiment=5"""
GFSGLQGPPGPPG,9|Oxidation|12|Oxidation,"240405_tarandus_1_1_p.3672.3672. File:""240405_tarandus_1_1_p.wiff"", NativeID:""sample=1 period=1 cycle=2197 experiment=3"""
GEPGPPGPAGAAGPA,3|Oxidation|6|Oxidation,"240405_tarandus_1_1_p.1935.1935. File:""240405_tarandus_1_1_p.wiff"", NativeID:""sample=1 period=1 cycle=1961 experiment=5"""
GLTGSPGSPGPDGK,6|Oxidation,"240405_tarandus_1_1_p.1385.1385. File:""240405_tarandus_1_1_p.wiff"", NativeID:""sample=1 period=1 cycle=1899 experiment=13"""
GPPGATGFPGAAGR,3|Oxidation|9|Oxidation,"240405_tarandus_1_1_p.1978.1978. File:""240405_tarandus_1_1_p.wiff"", NativeID:""sample=1 period=1 cycle=1967 experiment=4"""
ETGPSGPAGPTGAR,,"240405_tarandus_1_1_p.1315.1315. File:""240405_tarandus_1_1_p.wiff"", NativeID:""sample=1 period=1 cycle=1893 experiment=8"""
EQGPSGASGPAGPR,2|Deamidated,"240405_tarandus_1_1_p.1223.1223. File:""240405_tarandus_1_1_p.wiff"", NativeID:""sample=1 period=1 cycle=1884 experiment=4"""
APGIAGAPGFPGAR,2|Oxidation|8|Oxidation|11|Oxidation,"240405_tarandus_1_1_p.2899.2899. File:""240405_tarandus_1_1_p.wiff"", NativeID:""sample=1 period=1 cycle=2083 experiment=4"""
GEPGPPGPAGAAGPAG,5|Oxidation|6|Oxidation,"240405_tarandus_1_1_p.1879.1879. File:""240405_tarandus_1_1_p.wiff"", NativeID:""sample=1 period=1 cycle=1953 experiment=7"""
GLPGPPGAPGPQGF,3|Oxidation|6|Oxidation|9|Oxidation,"240405_tarandus_1_1_p.3966.3966. File:""240405_tarandus_1_1_p.wiff"", NativeID:""sample=1 period=1 cycle=2289 experiment=3"""
GETGPSGPAGPTGAR,,"240405_tarandus_1_1_p.1317.1317. File:""240405_tarandus_1_1_p.wiff"", NativeID:""sample=1 period=1 cycle=1893 experiment=10"""
GFPGLPGPSGEPGK,6|Oxidation,"240405_tarandus_1_1_p.3906.3906. File:""240405_tarandus_1_1_p.wiff"", NativeID:""sample=1 period=1 cycle=2266 experiment=4"""
GEQGPSGASGPAGPR,,"240405_tarandus_1_1_p.1184.1184. File:""240405_tarandus_1_1_p.wiff"", NativeID:""sample=1 period=1 cycle=1879 experiment=6"""
GISVPGPMGPSGPR,8|Oxidation,"240405_tarandus_1_1_p.2988.2988. File:""240405_tarandus_1_1_p.wiff"", NativeID:""sample=1 period=1 cycle=2099 experiment=4"""
GPSGPQGPSGPPGPK,12|Oxidation,"240405_tarandus_1_1_p.1235.1235. File:""240405_tarandus_1_1_p.wiff"", NativeID:""sample=1 period=1 cycle=1885 experiment=7"""
GAPGIAGAPGFPGAR,3|Oxidation|9|Oxidation|12|Oxidation,"240405_tarandus_1_1_p.2908.2908. File:""240405_tarandus_1_1_p.wiff"", NativeID:""sample=1 period=1 cycle=2084 experiment=8"""
GLTGPIGPPGPAGAPG,9|Oxidation|15|Oxidation,"240405_tarandus_1_1_p.3848.3848. File:""240405_tarandus_1_1_p.wiff"", NativeID:""sample=1 period=1 cycle=2256 experiment=4"""
GPPGPMGPPGLAGPPG,3|Oxidation|6|Oxidation|15|Oxidation,"240405_tarandus_1_1_p.3363.3363. File:""240405_tarandus_1_1_p.wiff"", NativeID:""sample=1 period=1 cycle=2148 experiment=3"""
GEPGPPGPAGAAGPAGN,3|Oxidation|6|Oxidation|17|Deamidated,"240405_tarandus_1_1_p.1810.1810. File:""240405_tarandus_1_1_p.wiff"", NativeID:""sample=1 period=1 cycle=1945 experiment=7"""
GEPGPAGLPGPPGER,3|Oxidation|9|Oxidation|12|Oxidation,"240405_tarandus_1_1_p.1990.1990. File:""240405_tarandus_1_1_p.wiff"", NativeID:""sample=1 period=1 cycle=1968 experiment=8"""
GSAGPPGATGFPGAAGR,6|Oxidation|12|Oxidation,"240405_tarandus_1_1_p.2069.2069. File:""240405_tarandus_1_1_p.wiff"", NativeID:""sample=1 period=1 cycle=1977 experiment=6"""
GPPGPMGPPGLAGPPGE,3|Oxidation|6|Oxidation|15|Oxidation,"240405_tarandus_1_1_p.3504.3504. File:""240405_tarandus_1_1_p.wiff"", NativeID:""sample=1 period=1 cycle=2163 experiment=9"""
DGLNGLPGPIGPPGPR,7|Oxidation|12|Oxidation|13|Oxidation,"240405_tarandus_1_1_p.3835.3835. File:""240405_tarandus_1_1_p.wiff"", NativeID:""sample=1 period=1 cycle=2253 experiment=4"""
GANGAPGIAGAPGFPGAR,6|Oxidation|12|Oxidation|15|Oxidation,"240405_tarandus_1_1_p.2888.2888. File:""240405_tarandus_1_1_p.wiff"", NativeID:""sample=1 period=1 cycle=2080 experiment=5"""
GLTGPIGPPGPAGAPGDK,9|Oxidation|15|Oxidation,"240405_tarandus_1_1_p.3230.3230. File:""240405_tarandus_1_1_p.wiff"", NativeID:""sample=1 period=1 cycle=2126 experiment=7"""
DGEAGAQGPPGPAGPAGER,,"240405_tarandus_1_1_p.1762.1762. File:""240405_tarandus_1_1_p.wiff"", NativeID:""sample=1 period=1 cycle=1939 experiment=6"""
GEPGSPGENGAPGQMGPR,3|Oxidation|6|Oxidation|15|Oxidation,"240405_tarandus_1_1_p.1247.1247. File:""240405_tarandus_1_1_p.wiff"", NativeID:""sample=1 period=1 cycle=1886 experiment=10"""
PGEQGVPGDLGAPGPSGAR,1|Oxidation|7|Oxidation|15|Oxidation,"240405_tarandus_1_1_p.2007.2007. File:""240405_tarandus_1_1_p.wiff"", NativeID:""sample=1 period=1 cycle=1969 experiment=14"""
VGPPGPSGNAGPPGPPGPAGK,4|Oxidation|13|Oxidation|18|Oxidation,"240405_tarandus_1_1_p.1627.1627. File:""240405_tarandus_1_1_p.wiff"", NativeID:""sample=1 period=1 cycle=1925 experiment=7"""
GPPGPMGPPGLAGPPGESGR,5|Oxidation|6|Oxidation,"240405_tarandus_1_1_p.3018.3018. File:""240405_tarandus_1_1_p.wiff"", NativeID:""sample=1 period=1 cycle=2103 experiment=4"""
TGPPGPAGQDGRPGPPGPPGAR,4|Oxidation|9|Deamidated|13|Oxidation|16|Oxidation|19|Oxidation,"240405_tarandus_1_1_p.1236.1236. File:""240405_tarandus_1_1_p.wiff"", NativeID:""sample=1 period=1 cycle=1885 experiment=8"""
GEPGPPGPAGFAGPPGADGQPGAK,3|Oxidation|6|Oxidation|15|Oxidation,"240405_tarandus_1_1_p.2830.2830. File:""240405_tarandus_1_1_p.wiff"", NativeID:""sample=1 period=1 cycle=2069 experiment=4"""
GDAGAPGAPGSQGAPGLQGMPGER,6|Oxidation|9|Oxidation|15|Oxidation|21|Oxidation,"240405_tarandus_1_1_p.2230.2230. File:""240405_tarandus_1_1_p.wiff"", NativeID:""sample=1 period=1 cycle=1996 experiment=2"""
GEPGPPGPAGAAGPAGNPGADGQPGGK,5|Oxidation|6|Oxidation|18|Oxidation|23|Deamidated,"240405_tarandus_1_1_p.1595.1595. File:""240405_tarandus_1_1_p.wiff"", NativeID:""sample=1 period=1 cycle=1922 experiment=6"""
GLQGPPGPPGSPGEQGPSGASGPAGPR,3|Deamidated|6|Oxidation|9|Oxidation|12|Oxidation|15|Deamidated,"240405_tarandus_1_1_p.2358.2358. File:""240405_tarandus_1_1_p.wiff"", NativeID:""sample=1 period=1 cycle=2011 experiment=13"""
GDAGPAGPKGEPGSPGENGAPGQMGPR,8|Oxidation|12|Oxidation|15|Oxidation|18|Deamidated|21|Oxidation|24|Oxidation,"240405_tarandus_1_1_p.1094.1094. File:""240405_tarandus_1_1_p.wiff"", NativeID:""sample=1 period=1 cycle=1866 experiment=4"""
GNDGATGAAGPPGPTGPAGPPGFPGAVGAK,14|Oxidation|24|Oxidation,"240405_tarandus_1_1_p.3803.3803. File:""240405_tarandus_1_1_p.wiff"", NativeID:""sample=1 period=1 cycle=2240 experiment=4"""
GFSGLQGPPGPPGSPGEQGPSGASGPAGPR,9|Oxidation|15|Oxidation,"240405_tarandus_1_1_p.3630.3630. File:""240405_tarandus_1_1_p.wiff"", NativeID:""sample=1 period=1 cycle=2185 experiment=7"""
GAPGDRGEPGPPGPAGFAGPPGADGQPGAK,3|Oxidation|9|Oxidation|12|Oxidation|21|Oxidation,"240405_tarandus_1_1_p.2303.2303. File:""240405_tarandus_1_1_p.wiff"", NativeID:""sample=1 period=1 cycle=2005 experiment=8"""
GVPGPPGAVGPAGKDGEAGAQGPPGPAGPAGER,3|Oxidation|6|Oxidation|21|Deamidated|24|Oxidation,"240405_tarandus_1_1_p.2178.2178. File:""240405_tarandus_1_1_p.wiff"", NativeID:""sample=1 period=1 cycle=1988 experiment=6"""
GLTGPIGPPGPAGAPGDKGETGPSGPAGPTGAR,9|Oxidation|15|Oxidation,"240405_tarandus_1_1_p.3243.3243. File:""240405_tarandus_1_1_p.wiff"", NativeID:""sample=1 period=1 cycle=2128 experiment=6"""
GLPGPPGAPGPQGFQGPPGEPGEPGASGPMGPR,3|Oxidation|6|Oxidation|9|Oxidation|12|Deamidated|21|Oxidation|24|Oxidation,"240405_tarandus_1_1_p.3945.3945. File:""240405_tarandus_1_1_p.wiff"", NativeID:""sample=1 period=1 cycle=2281 experiment=3"""
GSEGPQGVRGEPGPPGPAGAAGPAGNPGADGQPGGK,6|Deamidated|12|Oxidation|17|Oxidation|27|Oxidation|32|Deamidated|33|Oxidation,"240405_tarandus_1_1_p.1681.1681. File:""240405_tarandus_1_1_p.wiff"", NativeID:""sample=1 period=1 cycle=1930 experiment=5"""
GEQGPAGSPGFQGLPGPAGPPGEAGKPGEQGVPGDLGAPGPSGAR,9|Oxidation|15|Oxidation|17|Oxidation|21|Oxidation|27|Oxidation|33|Oxidation|39|Oxidation,"240405_tarandus_1_1_p.3252.3252. File:""240405_tarandus_1_1_p.wiff"", NativeID:""sample=1 period=1 cycle=2130 experiment=6"""
*GSPGADGPAGAPGTPGPQGIAGQR,12|Oxidation|23|Deamidated,"240405_tarandus_1_1_p.2435.2435. File:""240405_tarandus_1_1_p.wiff"", NativeID:""sample=1 period=1 cycle=2019 experiment=10"""
NP_001230584.1 collagen alpha-2(I) chain precursor [Sus scrofa]
PGATGFPGAAGR,1|Oxidation|7|Oxidation,"240405_tarandus_1_1_p.1833.1833. File:""240405_tarandus_1_1_p.wiff"", NativeID:""sample=1 period=1 cycle=1948 experiment=3"""
GPPGATGFPGAAGR,3|Oxidation|9|Oxidation,"240405_tarandus_1_1_p.1978.1978. File:""240405_tarandus_1_1_p.wiff"", NativeID:""sample=1 period=1 cycle=1967 experiment=4"""
GVVGPQGAR,,"240405_tarandus_1_1_p.1399.1399. File:""240405_tarandus_1_1_p.wiff"", NativeID:""sample=1 period=1 cycle=1901 experiment=3"""
GPSGPQGIR,,"240405_tarandus_1_1_p.1410.1410. File:""240405_tarandus_1_1_p.wiff"", NativeID:""sample=1 period=1 cycle=1902 experiment=4"""
VGPAGAVGPR,,"240405_tarandus_1_1_p.1816.1816. File:""240405_tarandus_1_1_p.wiff"", NativeID:""sample=1 period=1 cycle=1946 experiment=4"""
PGPIGPAGAR,1|Oxidation,"240405_tarandus_1_1_p.1798.1798. File:""240405_tarandus_1_1_p.wiff"", NativeID:""sample=1 period=1 cycle=1944 experiment=4"""
PLGIAGPPGAR,8|Oxidation,"240405_tarandus_1_1_p.3063.3063. File:""240405_tarandus_1_1_p.wiff"", NativeID:""sample=1 period=1 cycle=2110 experiment=3"""
GEPGNIGFPGPK,3|Oxidation|9|Oxidation,"240405_tarandus_1_1_p.2828.2828. File:""240405_tarandus_1_1_p.wiff"", NativeID:""sample=1 period=1 cycle=2069 experiment=2"""
GFPGTPGLPGFK,3|Oxidation|6|Oxidation|9|Oxidation,"240405_tarandus_1_1_p.4157.4157. File:""240405_tarandus_1_1_p.wiff"", NativeID:""sample=1 period=1 cycle=2359 experiment=2"""
GEAGPAGPAGPAGPR,,"240405_tarandus_1_1_p.1616.1616. File:""240405_tarandus_1_1_p.wiff"", NativeID:""sample=1 period=1 cycle=1924 experiment=10"""
TAGPSGPSGLPGER,11|Oxidation,"240405_tarandus_1_1_p.1861.1861. File:""240405_tarandus_1_1_p.wiff"", NativeID:""sample=1 period=1 cycle=1951 experiment=6"""
GDGGPPGATGFPGAAGR,12|Oxidation,"240405_tarandus_1_1_p.2461.2461. File:""240405_tarandus_1_1_p.wiff"", NativeID:""sample=1 period=1 cycle=2021 experiment=10"""
TGETGASGPPGFAGEK,10|Oxidation,"240405_tarandus_1_1_p.2006.2006. File:""240405_tarandus_1_1_p.wiff"", NativeID:""sample=1 period=1 cycle=1969 experiment=13"""
GAPGAVGAPGPAGANGDR,3|Oxidation|9|Oxidation,"240405_tarandus_1_1_p.1254.1254. File:""240405_tarandus_1_1_p.wiff"", NativeID:""sample=1 period=1 cycle=1887 experiment=7"""
GAAGLPGVAGAPGLPGPR,6|Oxidation|12|Oxidation|15|Oxidation,"240405_tarandus_1_1_p.3729.3729. File:""240405_tarandus_1_1_p.wiff"", NativeID:""sample=1 period=1 cycle=2212 experiment=3"""
SVGEPGPLGIAGPPGAR,5|Oxidation|14|Oxidation,"240405_tarandus_1_1_p.3795.3795. File:""240405_tarandus_1_1_p.wiff"", NativeID:""sample=1 period=1 cycle=2237 experiment=2"""
GELGPVGNPGPAGPAGPR,11|Oxidation,"240405_tarandus_1_1_p.2928.2928. File:""240405_tarandus_1_1_p.wiff"", NativeID:""sample=1 period=1 cycle=2087 experiment=6"""
GEPGAPGENGTPGQTGAR,3|Oxidation|6|Oxidation|9|Deamidated|12|Oxidation,"240405_tarandus_1_1_p.1023.1023. File:""240405_tarandus_1_1_p.wiff"", NativeID:""sample=1 period=1 cycle=1830 experiment=3"""
GPNGDSGRPGEPGLMGPR,3|Deamidated|9|Oxidation|17|Oxidation,"240405_tarandus_1_1_p.1887.1887. File:""240405_tarandus_1_1_p.wiff"", NativeID:""sample=1 period=1 cycle=1954 experiment=7"""
GEVGPAGPNGFAGPAGAAGQPGAK,9|Deamidated|21|Oxidation,"240405_tarandus_1_1_p.3190.3190. File:""240405_tarandus_1_1_p.wiff"", NativeID:""sample=1 period=1 cycle=2121 experiment=4"""
GLPGVAGSVGEPGPLGIAGPPGAR,3|Oxidation|12|Oxidation|21|Oxidation,"240405_tarandus_1_1_p.4796.4796. File:""240405_tarandus_1_1_p.wiff"", NativeID:""sample=1 period=1 cycle=2874 experiment=2"""
GSQGSQGPAGPPGPPGPPGPPGPSGGG,6|Deamidated|12|Oxidation|15|Oxidation|18|Oxidation|21|Oxidation,"240405_tarandus_1_1_p.1894.1894. File:""240405_tarandus_1_1_p.wiff"", NativeID:""sample=1 period=1 cycle=1955 experiment=4"""
GAPGAVGAPGPAGANGDRGEAGPAGPAGPAGPR,3|Oxidation|9|Oxidation,"240405_tarandus_1_1_p.1914.1914. File:""240405_tarandus_1_1_p.wiff"", NativeID:""sample=1 period=1 cycle=1957 experiment=10"""
XP_020948270.1 LOW QUALITY PROTEIN: collagen alpha-1(II) chain [Sus scrofa]
GLTGPIGPPGPA,9|Oxidation,"240405_tarandus_1_1_p.4093.4093. File:""240405_tarandus_1_1_p.wiff"", NativeID:""sample=1 period=1 cycle=2341 experiment=3"""
PGATGFPGAAGR,1|Oxidation|7|Oxidation,"240405_tarandus_1_1_p.1833.1833. File:""240405_tarandus_1_1_p.wiff"", NativeID:""sample=1 period=1 cycle=1948 experiment=3"""
GLTGPIGPPGPAG,9|Oxidation,"240405_tarandus_1_1_p.3989.3989. File:""240405_tarandus_1_1_p.wiff"", NativeID:""sample=1 period=1 cycle=2299 experiment=2"""
GLTGPIGPPGPAGA,9|Oxidation,"240405_tarandus_1_1_p.4126.4126. File:""240405_tarandus_1_1_p.wiff"", NativeID:""sample=1 period=1 cycle=2347 experiment=2"""
GPPGATGFPGAAGR,3|Oxidation|9|Oxidation,"240405_tarandus_1_1_p.1978.1978. File:""240405_tarandus_1_1_p.wiff"", NativeID:""sample=1 period=1 cycle=1967 experiment=4"""
GFPGLPGPSGEPGK,6|Oxidation,"240405_tarandus_1_1_p.3906.3906. File:""240405_tarandus_1_1_p.wiff"", NativeID:""sample=1 period=1 cycle=2266 experiment=4"""
AQGPPGATGFPGAAGR,4|Oxidation|5|Oxidation|11|Oxidation,"240405_tarandus_1_1_p.2077.2077. File:""240405_tarandus_1_1_p.wiff"", NativeID:""sample=1 period=1 cycle=1978 experiment=6"""
GLTGPIGPPGPAGANGEK,9|Oxidation|15|Deamidated,"240405_tarandus_1_1_p.3100.3100. File:""240405_tarandus_1_1_p.wiff"", NativeID:""sample=1 period=1 cycle=2113 experiment=11"""
